code,800,400,200,100,50,40,25,10,1,0.1,throughput,macsec,deepbuffer,type,maxmodules,family,cost
7816LR4,,,,,,,,,,,460.0,,,modular,16.0,7800R4,25961.27286
7812R4,,,,,,,,,,,345.0,,,modular,12.0,7800R4,19192.88709
7808R4,,,,,,,,,,,230.0,,,modular,8.0,7800R4,12538.4683
7804R4,,,,,,,,,,,115.0,,,modular,4.0,7800R4,6055.681021
7800R4C-36PE,36.0,,,,,,,,,,28.8,,32.0,linecard,,7800R4,99642.26879
7800R4C-36PE,,72.0,,,,,,,,,28.8,,32.0,linecard,,7800R4,99642.26879
7800R4C-36PE,,,,288.0,,,,,,,28.8,,32.0,linecard,,7800R4,99642.26879
7800R4-36PE,36.0,,,,,,,,,,28.8,,32.0,linecard,,7800R4,99642.26879
7800R4-36PE,,72.0,,,,,,,,,28.8,,32.0,linecard,,7800R4,99642.26879
7800R4-36PE,,,,288.0,,,,,,,28.8,,32.0,linecard,,7800R4,99642.26879
7800R4K-36PE,36.0,,,,,,,,,,28.8,x,32.0,linecard,,7800R4,99642.26879
7800R4K-36PE,,72.0,,,,,,,,,28.8,x,32.0,linecard,,7800R4,99642.26879
7800R4K-36PE,,,,288.0,,,,,,,28.8,x,32.0,linecard,,7800R4,99642.26879
7816LR3,,,,,,,,,,,460.0,,,modular,16.0,7800R3,25961.27286
7816R3,,,,,,,,,,,460.0,,,modular,16.0,7800R3,25961.27286
7812R3,,,,,,,,,,,345.0,,,modular,12.0,7800R3,19192.88709
7808R3,,,,,,,,,,,230.0,,,modular,8.0,7800R3,12538.4683
7804R3,,,,,,,,,,,115.0,,,modular,4.0,7800R3,6055.681021
7800R3A-36P,,36.0,,,,,,,,,14.4,,16.0,linecard,,7800R3,48124.04366
7800R3A-36P,,,,144.0,,,,,,,14.4,,16.0,linecard,,7800R3,48124.04366
7800R3A-36P,,,,,232.0,,,,,,14.4,,16.0,linecard,,7800R3,48124.04366
7800R3A-36P,,8.0,,,224.0,,,,,,14.4,,16.0,linecard,,7800R3,48124.04366
7800R3A-36P,,,,8.0,224.0,,,,,,14.4,,16.0,linecard,,7800R3,48124.04366
7800R3A-36P,,,,,224.0,8.0,,,,,14.4,,16.0,linecard,,7800R3,48124.04366
7800R3A-36P,,,,,,36.0,,,,,14.4,,16.0,linecard,,7800R3,48124.04366
7800R3A-36P,,,,,,,232.0,,,,14.4,,16.0,linecard,,7800R3,48124.04366
7800R3A-36P,,8.0,,,,,224.0,,,,14.4,,16.0,linecard,,7800R3,48124.04366
7800R3A-36P,,,,8.0,,,224.0,,,,14.4,,16.0,linecard,,7800R3,48124.04366
7800R3A-36P,,,,,,8.0,224.0,,,,14.4,,16.0,linecard,,7800R3,48124.04366
7800R3A-36P,,,,,,,,232.0,,,14.4,,16.0,linecard,,7800R3,48124.04366
7800R3A-36P,,8.0,,,,,,224.0,,,14.4,,16.0,linecard,,7800R3,48124.04366
7800R3A-36P,,,,8.0,,,,224.0,,,14.4,,16.0,linecard,,7800R3,48124.04366
7800R3A-36P,,,,,,8.0,,224.0,,,14.4,,16.0,linecard,,7800R3,48124.04366
7800R3A-36P,,,,,224.0,,8.0,,,,14.4,,16.0,linecard,,7800R3,48124.04366
7800R3A-36P,,,,,224.0,,,8.0,,,14.4,,16.0,linecard,,7800R3,48124.04366
7800R3A-36P,,,,,8.0,,224.0,,,,14.4,,16.0,linecard,,7800R3,48124.04366
7800R3A-36P,,,,,,,224.0,8.0,,,14.4,,16.0,linecard,,7800R3,48124.04366
7800R3A-36P,,,,,8.0,,,224.0,,,14.4,,16.0,linecard,,7800R3,48124.04366
7800R3A-36P,,,,,,,8.0,224.0,,,14.4,,16.0,linecard,,7800R3,48124.04366
7800R3A-36PM,,36.0,,,,,,,,,14.4,x,16.0,linecard,,7800R3,48124.04366
7800R3A-36PM,,,,144.0,,,,,,,14.4,x,16.0,linecard,,7800R3,48124.04366
7800R3A-36PM,,,,,232.0,,,,,,14.4,x,16.0,linecard,,7800R3,48124.04366
7800R3A-36PM,,8.0,,,224.0,,,,,,14.4,x,16.0,linecard,,7800R3,48124.04366
7800R3A-36PM,,,,8.0,224.0,,,,,,14.4,x,16.0,linecard,,7800R3,48124.04366
7800R3A-36PM,,,,,224.0,8.0,,,,,14.4,x,16.0,linecard,,7800R3,48124.04366
7800R3A-36PM,,,,,,36.0,,,,,14.4,x,16.0,linecard,,7800R3,48124.04366
7800R3A-36PM,,,,,,,232.0,,,,14.4,x,16.0,linecard,,7800R3,48124.04366
7800R3A-36PM,,8.0,,,,,224.0,,,,14.4,x,16.0,linecard,,7800R3,48124.04366
7800R3A-36PM,,,,8.0,,,224.0,,,,14.4,x,16.0,linecard,,7800R3,48124.04366
7800R3A-36PM,,,,,,8.0,224.0,,,,14.4,x,16.0,linecard,,7800R3,48124.04366
7800R3A-36PM,,,,,,,,232.0,,,14.4,x,16.0,linecard,,7800R3,48124.04366
7800R3A-36PM,,8.0,,,,,,224.0,,,14.4,x,16.0,linecard,,7800R3,48124.04366
7800R3A-36PM,,,,8.0,,,,224.0,,,14.4,x,16.0,linecard,,7800R3,48124.04366
7800R3A-36PM,,,,,,8.0,,224.0,,,14.4,x,16.0,linecard,,7800R3,48124.04366
7800R3A-36PM,,,,,224.0,,8.0,,,,14.4,x,16.0,linecard,,7800R3,48124.04366
7800R3A-36PM,,,,,224.0,,,8.0,,,14.4,x,16.0,linecard,,7800R3,48124.04366
7800R3A-36PM,,,,,8.0,,224.0,,,,14.4,x,16.0,linecard,,7800R3,48124.04366
7800R3A-36PM,,,,,,,224.0,8.0,,,14.4,x,16.0,linecard,,7800R3,48124.04366
7800R3A-36PM,,,,,8.0,,,224.0,,,14.4,x,16.0,linecard,,7800R3,48124.04366
7800R3A-36PM,,,,,,,8.0,224.0,,,14.4,x,16.0,linecard,,7800R3,48124.04366
7800R3AK-36PM,,36.0,,,,,,,,,14.4,x,16.0,linecard,,7800R3,48124.04366
7800R3AK-36PM,,,,144.0,,,,,,,14.4,x,16.0,linecard,,7800R3,48124.04366
7800R3AK-36PM,,,,,232.0,,,,,,14.4,x,16.0,linecard,,7800R3,48124.04366
7800R3AK-36PM,,8.0,,,224.0,,,,,,14.4,x,16.0,linecard,,7800R3,48124.04366
7800R3AK-36PM,,,,8.0,224.0,,,,,,14.4,x,16.0,linecard,,7800R3,48124.04366
7800R3AK-36PM,,,,,224.0,8.0,,,,,14.4,x,16.0,linecard,,7800R3,48124.04366
7800R3AK-36PM,,,,,,36.0,,,,,14.4,x,16.0,linecard,,7800R3,48124.04366
7800R3AK-36PM,,,,,,,232.0,,,,14.4,x,16.0,linecard,,7800R3,48124.04366
7800R3AK-36PM,,8.0,,,,,224.0,,,,14.4,x,16.0,linecard,,7800R3,48124.04366
7800R3AK-36PM,,,,8.0,,,224.0,,,,14.4,x,16.0,linecard,,7800R3,48124.04366
7800R3AK-36PM,,,,,,8.0,224.0,,,,14.4,x,16.0,linecard,,7800R3,48124.04366
7800R3AK-36PM,,,,,,,,232.0,,,14.4,x,16.0,linecard,,7800R3,48124.04366
7800R3AK-36PM,,8.0,,,,,,224.0,,,14.4,x,16.0,linecard,,7800R3,48124.04366
7800R3AK-36PM,,,,8.0,,,,224.0,,,14.4,x,16.0,linecard,,7800R3,48124.04366
7800R3AK-36PM,,,,,,8.0,,224.0,,,14.4,x,16.0,linecard,,7800R3,48124.04366
7800R3AK-36PM,,,,,224.0,,8.0,,,,14.4,x,16.0,linecard,,7800R3,48124.04366
7800R3AK-36PM,,,,,224.0,,,8.0,,,14.4,x,16.0,linecard,,7800R3,48124.04366
7800R3AK-36PM,,,,,8.0,,224.0,,,,14.4,x,16.0,linecard,,7800R3,48124.04366
7800R3AK-36PM,,,,,,,224.0,8.0,,,14.4,x,16.0,linecard,,7800R3,48124.04366
7800R3AK-36PM,,,,,8.0,,,224.0,,,14.4,x,16.0,linecard,,7800R3,48124.04366
7800R3AK-36PM,,,,,,,8.0,224.0,,,14.4,x,16.0,linecard,,7800R3,48124.04366
7800R3A-36D,,36.0,,,,,,,,,14.4,,16.0,linecard,,7800R3,48124.04366
7800R3A-36D,,,,144.0,,,,,,,14.4,,16.0,linecard,,7800R3,48124.04366
7800R3A-36D,,,,,232.0,,,,,,14.4,,16.0,linecard,,7800R3,48124.04366
7800R3A-36D,,8.0,,,224.0,,,,,,14.4,,16.0,linecard,,7800R3,48124.04366
7800R3A-36D,,,,8.0,224.0,,,,,,14.4,,16.0,linecard,,7800R3,48124.04366
7800R3A-36D,,,,,224.0,8.0,,,,,14.4,,16.0,linecard,,7800R3,48124.04366
7800R3A-36D,,,,,,36.0,,,,,14.4,,16.0,linecard,,7800R3,48124.04366
7800R3A-36D,,,,,,,232.0,,,,14.4,,16.0,linecard,,7800R3,48124.04366
7800R3A-36D,,8.0,,,,,224.0,,,,14.4,,16.0,linecard,,7800R3,48124.04366
7800R3A-36D,,,,8.0,,,224.0,,,,14.4,,16.0,linecard,,7800R3,48124.04366
7800R3A-36D,,,,,,8.0,224.0,,,,14.4,,16.0,linecard,,7800R3,48124.04366
7800R3A-36D,,,,,,,,232.0,,,14.4,,16.0,linecard,,7800R3,48124.04366
7800R3A-36D,,8.0,,,,,,224.0,,,14.4,,16.0,linecard,,7800R3,48124.04366
7800R3A-36D,,,,8.0,,,,224.0,,,14.4,,16.0,linecard,,7800R3,48124.04366
7800R3A-36D,,,,,,8.0,,224.0,,,14.4,,16.0,linecard,,7800R3,48124.04366
7800R3A-36D,,,,,224.0,,8.0,,,,14.4,,16.0,linecard,,7800R3,48124.04366
7800R3A-36D,,,,,224.0,,,8.0,,,14.4,,16.0,linecard,,7800R3,48124.04366
7800R3A-36D,,,,,8.0,,224.0,,,,14.4,,16.0,linecard,,7800R3,48124.04366
7800R3A-36D,,,,,,,224.0,8.0,,,14.4,,16.0,linecard,,7800R3,48124.04366
7800R3A-36D,,,,,8.0,,,224.0,,,14.4,,16.0,linecard,,7800R3,48124.04366
7800R3A-36D,,,,,,,8.0,224.0,,,14.4,,16.0,linecard,,7800R3,48124.04366
7800R3A-36DM,,36.0,,,,,,,,,14.4,x,16.0,linecard,,7800R3,48124.04366
7800R3A-36DM,,,,144.0,,,,,,,14.4,x,16.0,linecard,,7800R3,48124.04366
7800R3A-36DM,,,,,232.0,,,,,,14.4,x,16.0,linecard,,7800R3,48124.04366
7800R3A-36DM,,8.0,,,224.0,,,,,,14.4,x,16.0,linecard,,7800R3,48124.04366
7800R3A-36DM,,,,8.0,224.0,,,,,,14.4,x,16.0,linecard,,7800R3,48124.04366
7800R3A-36DM,,,,,224.0,8.0,,,,,14.4,x,16.0,linecard,,7800R3,48124.04366
7800R3A-36DM,,,,,,36.0,,,,,14.4,x,16.0,linecard,,7800R3,48124.04366
7800R3A-36DM,,,,,,,232.0,,,,14.4,x,16.0,linecard,,7800R3,48124.04366
7800R3A-36DM,,8.0,,,,,224.0,,,,14.4,x,16.0,linecard,,7800R3,48124.04366
7800R3A-36DM,,,,8.0,,,224.0,,,,14.4,x,16.0,linecard,,7800R3,48124.04366
7800R3A-36DM,,,,,,8.0,224.0,,,,14.4,x,16.0,linecard,,7800R3,48124.04366
7800R3A-36DM,,,,,,,,232.0,,,14.4,x,16.0,linecard,,7800R3,48124.04366
7800R3A-36DM,,8.0,,,,,,224.0,,,14.4,x,16.0,linecard,,7800R3,48124.04366
7800R3A-36DM,,,,8.0,,,,224.0,,,14.4,x,16.0,linecard,,7800R3,48124.04366
7800R3A-36DM,,,,,,8.0,,224.0,,,14.4,x,16.0,linecard,,7800R3,48124.04366
7800R3A-36DM,,,,,224.0,,8.0,,,,14.4,x,16.0,linecard,,7800R3,48124.04366
7800R3A-36DM,,,,,224.0,,,8.0,,,14.4,x,16.0,linecard,,7800R3,48124.04366
7800R3A-36DM,,,,,8.0,,224.0,,,,14.4,x,16.0,linecard,,7800R3,48124.04366
7800R3A-36DM,,,,,,,224.0,8.0,,,14.4,x,16.0,linecard,,7800R3,48124.04366
7800R3A-36DM,,,,,8.0,,,224.0,,,14.4,x,16.0,linecard,,7800R3,48124.04366
7800R3A-36DM,,,,,,,8.0,224.0,,,14.4,x,16.0,linecard,,7800R3,48124.04366
7800R3AK-36DM,,36.0,,,,,,,,,14.4,x,16.0,linecard,,7800R3,48124.04366
7800R3AK-36DM,,,,144.0,,,,,,,14.4,x,16.0,linecard,,7800R3,48124.04366
7800R3AK-36DM,,,,,232.0,,,,,,14.4,x,16.0,linecard,,7800R3,48124.04366
7800R3AK-36DM,,8.0,,,224.0,,,,,,14.4,x,16.0,linecard,,7800R3,48124.04366
7800R3AK-36DM,,,,8.0,224.0,,,,,,14.4,x,16.0,linecard,,7800R3,48124.04366
7800R3AK-36DM,,,,,224.0,8.0,,,,,14.4,x,16.0,linecard,,7800R3,48124.04366
7800R3AK-36DM,,,,,,36.0,,,,,14.4,x,16.0,linecard,,7800R3,48124.04366
7800R3AK-36DM,,,,,,,232.0,,,,14.4,x,16.0,linecard,,7800R3,48124.04366
7800R3AK-36DM,,8.0,,,,,224.0,,,,14.4,x,16.0,linecard,,7800R3,48124.04366
7800R3AK-36DM,,,,8.0,,,224.0,,,,14.4,x,16.0,linecard,,7800R3,48124.04366
7800R3AK-36DM,,,,,,8.0,224.0,,,,14.4,x,16.0,linecard,,7800R3,48124.04366
7800R3AK-36DM,,,,,,,,232.0,,,14.4,x,16.0,linecard,,7800R3,48124.04366
7800R3AK-36DM,,8.0,,,,,,224.0,,,14.4,x,16.0,linecard,,7800R3,48124.04366
7800R3AK-36DM,,,,8.0,,,,224.0,,,14.4,x,16.0,linecard,,7800R3,48124.04366
7800R3AK-36DM,,,,,,8.0,,224.0,,,14.4,x,16.0,linecard,,7800R3,48124.04366
7800R3AK-36DM,,,,,224.0,,8.0,,,,14.4,x,16.0,linecard,,7800R3,48124.04366
7800R3AK-36DM,,,,,224.0,,,8.0,,,14.4,x,16.0,linecard,,7800R3,48124.04366
7800R3AK-36DM,,,,,8.0,,224.0,,,,14.4,x,16.0,linecard,,7800R3,48124.04366
7800R3AK-36DM,,,,,,,224.0,8.0,,,14.4,x,16.0,linecard,,7800R3,48124.04366
7800R3AK-36DM,,,,,8.0,,,224.0,,,14.4,x,16.0,linecard,,7800R3,48124.04366
7800R3AK-36DM,,,,,,,8.0,224.0,,,14.4,x,16.0,linecard,,7800R3,48124.04366
7800R3A-36D2,,36.0,,,,,,,,,14.4,,16.0,linecard,,7800R3,48124.04366
7800R3A-36D2,,,,144.0,,,,,,,14.4,,16.0,linecard,,7800R3,48124.04366
7800R3A-36D2,,,,,232.0,,,,,,14.4,,16.0,linecard,,7800R3,48124.04366
7800R3A-36D2,,8.0,,,224.0,,,,,,14.4,,16.0,linecard,,7800R3,48124.04366
7800R3A-36D2,,,,8.0,224.0,,,,,,14.4,,16.0,linecard,,7800R3,48124.04366
7800R3A-36D2,,,,,224.0,8.0,,,,,14.4,,16.0,linecard,,7800R3,48124.04366
7800R3A-36D2,,,,,,36.0,,,,,14.4,,16.0,linecard,,7800R3,48124.04366
7800R3A-36D2,,,,,,,232.0,,,,14.4,,16.0,linecard,,7800R3,48124.04366
7800R3A-36D2,,8.0,,,,,224.0,,,,14.4,,16.0,linecard,,7800R3,48124.04366
7800R3A-36D2,,,,8.0,,,224.0,,,,14.4,,16.0,linecard,,7800R3,48124.04366
7800R3A-36D2,,,,,,8.0,224.0,,,,14.4,,16.0,linecard,,7800R3,48124.04366
7800R3A-36D2,,,,,,,,232.0,,,14.4,,16.0,linecard,,7800R3,48124.04366
7800R3A-36D2,,8.0,,,,,,224.0,,,14.4,,16.0,linecard,,7800R3,48124.04366
7800R3A-36D2,,,,8.0,,,,224.0,,,14.4,,16.0,linecard,,7800R3,48124.04366
7800R3A-36D2,,,,,,8.0,,224.0,,,14.4,,16.0,linecard,,7800R3,48124.04366
7800R3A-36D2,,,,,224.0,,8.0,,,,14.4,,16.0,linecard,,7800R3,48124.04366
7800R3A-36D2,,,,,224.0,,,8.0,,,14.4,,16.0,linecard,,7800R3,48124.04366
7800R3A-36D2,,,,,8.0,,224.0,,,,14.4,,16.0,linecard,,7800R3,48124.04366
7800R3A-36D2,,,,,,,224.0,8.0,,,14.4,,16.0,linecard,,7800R3,48124.04366
7800R3A-36D2,,,,,8.0,,,224.0,,,14.4,,16.0,linecard,,7800R3,48124.04366
7800R3A-36D2,,,,,,,8.0,224.0,,,14.4,,16.0,linecard,,7800R3,48124.04366
7800R3A-36DM2,,36.0,,,,,,,,,14.4,x,16.0,linecard,,7800R3,48124.04366
7800R3A-36DM2,,,,144.0,,,,,,,14.4,x,16.0,linecard,,7800R3,48124.04366
7800R3A-36DM2,,,,,232.0,,,,,,14.4,x,16.0,linecard,,7800R3,48124.04366
7800R3A-36DM2,,8.0,,,224.0,,,,,,14.4,x,16.0,linecard,,7800R3,48124.04366
7800R3A-36DM2,,,,8.0,224.0,,,,,,14.4,x,16.0,linecard,,7800R3,48124.04366
7800R3A-36DM2,,,,,224.0,8.0,,,,,14.4,x,16.0,linecard,,7800R3,48124.04366
7800R3A-36DM2,,,,,,36.0,,,,,14.4,x,16.0,linecard,,7800R3,48124.04366
7800R3A-36DM2,,,,,,,232.0,,,,14.4,x,16.0,linecard,,7800R3,48124.04366
7800R3A-36DM2,,8.0,,,,,224.0,,,,14.4,x,16.0,linecard,,7800R3,48124.04366
7800R3A-36DM2,,,,8.0,,,224.0,,,,14.4,x,16.0,linecard,,7800R3,48124.04366
7800R3A-36DM2,,,,,,8.0,224.0,,,,14.4,x,16.0,linecard,,7800R3,48124.04366
7800R3A-36DM2,,,,,,,,232.0,,,14.4,x,16.0,linecard,,7800R3,48124.04366
7800R3A-36DM2,,8.0,,,,,,224.0,,,14.4,x,16.0,linecard,,7800R3,48124.04366
7800R3A-36DM2,,,,8.0,,,,224.0,,,14.4,x,16.0,linecard,,7800R3,48124.04366
7800R3A-36DM2,,,,,,8.0,,224.0,,,14.4,x,16.0,linecard,,7800R3,48124.04366
7800R3A-36DM2,,,,,224.0,,8.0,,,,14.4,x,16.0,linecard,,7800R3,48124.04366
7800R3A-36DM2,,,,,224.0,,,8.0,,,14.4,x,16.0,linecard,,7800R3,48124.04366
7800R3A-36DM2,,,,,8.0,,224.0,,,,14.4,x,16.0,linecard,,7800R3,48124.04366
7800R3A-36DM2,,,,,,,224.0,8.0,,,14.4,x,16.0,linecard,,7800R3,48124.04366
7800R3A-36DM2,,,,,8.0,,,224.0,,,14.4,x,16.0,linecard,,7800R3,48124.04366
7800R3A-36DM2,,,,,,,8.0,224.0,,,14.4,x,16.0,linecard,,7800R3,48124.04366
7800R3AK-36DM2,,36.0,,,,,,,,,14.4,x,16.0,linecard,,7800R3,48124.04366
7800R3AK-36DM2,,,,144.0,,,,,,,14.4,x,16.0,linecard,,7800R3,48124.04366
7800R3AK-36DM2,,,,,232.0,,,,,,14.4,x,16.0,linecard,,7800R3,48124.04366
7800R3AK-36DM2,,8.0,,,224.0,,,,,,14.4,x,16.0,linecard,,7800R3,48124.04366
7800R3AK-36DM2,,,,8.0,224.0,,,,,,14.4,x,16.0,linecard,,7800R3,48124.04366
7800R3AK-36DM2,,,,,224.0,8.0,,,,,14.4,x,16.0,linecard,,7800R3,48124.04366
7800R3AK-36DM2,,,,,,36.0,,,,,14.4,x,16.0,linecard,,7800R3,48124.04366
7800R3AK-36DM2,,,,,,,232.0,,,,14.4,x,16.0,linecard,,7800R3,48124.04366
7800R3AK-36DM2,,8.0,,,,,224.0,,,,14.4,x,16.0,linecard,,7800R3,48124.04366
7800R3AK-36DM2,,,,8.0,,,224.0,,,,14.4,x,16.0,linecard,,7800R3,48124.04366
7800R3AK-36DM2,,,,,,8.0,224.0,,,,14.4,x,16.0,linecard,,7800R3,48124.04366
7800R3AK-36DM2,,,,,,,,232.0,,,14.4,x,16.0,linecard,,7800R3,48124.04366
7800R3AK-36DM2,,8.0,,,,,,224.0,,,14.4,x,16.0,linecard,,7800R3,48124.04366
7800R3AK-36DM2,,,,8.0,,,,224.0,,,14.4,x,16.0,linecard,,7800R3,48124.04366
7800R3AK-36DM2,,,,,,8.0,,224.0,,,14.4,x,16.0,linecard,,7800R3,48124.04366
7800R3AK-36DM2,,,,,224.0,,8.0,,,,14.4,x,16.0,linecard,,7800R3,48124.04366
7800R3AK-36DM2,,,,,224.0,,,8.0,,,14.4,x,16.0,linecard,,7800R3,48124.04366
7800R3AK-36DM2,,,,,8.0,,224.0,,,,14.4,x,16.0,linecard,,7800R3,48124.04366
7800R3AK-36DM2,,,,,,,224.0,8.0,,,14.4,x,16.0,linecard,,7800R3,48124.04366
7800R3AK-36DM2,,,,,8.0,,,224.0,,,14.4,x,16.0,linecard,,7800R3,48124.04366
7800R3AK-36DM2,,,,,,,8.0,224.0,,,14.4,x,16.0,linecard,,7800R3,48124.04366
7800R3-36P,,36.0,,,,,,,,,14.4,,16.0,linecard,,7800R3,48124.04366
7800R3-36P,,,,144.0,,,,,,,14.4,,16.0,linecard,,7800R3,48124.04366
7800R3-36P,,,,,232.0,,,,,,14.4,,16.0,linecard,,7800R3,48124.04366
7800R3-36P,,8.0,,,224.0,,,,,,14.4,,16.0,linecard,,7800R3,48124.04366
7800R3-36P,,,,8.0,224.0,,,,,,14.4,,16.0,linecard,,7800R3,48124.04366
7800R3-36P,,,,,224.0,8.0,,,,,14.4,,16.0,linecard,,7800R3,48124.04366
7800R3-36P,,,,,,36.0,,,,,14.4,,16.0,linecard,,7800R3,48124.04366
7800R3-36P,,,,,,,232.0,,,,14.4,,16.0,linecard,,7800R3,48124.04366
7800R3-36P,,8.0,,,,,224.0,,,,14.4,,16.0,linecard,,7800R3,48124.04366
7800R3-36P,,,,8.0,,,224.0,,,,14.4,,16.0,linecard,,7800R3,48124.04366
7800R3-36P,,,,,,8.0,224.0,,,,14.4,,16.0,linecard,,7800R3,48124.04366
7800R3-36P,,,,,,,,232.0,,,14.4,,16.0,linecard,,7800R3,48124.04366
7800R3-36P,,8.0,,,,,,224.0,,,14.4,,16.0,linecard,,7800R3,48124.04366
7800R3-36P,,,,8.0,,,,224.0,,,14.4,,16.0,linecard,,7800R3,48124.04366
7800R3-36P,,,,,,8.0,,224.0,,,14.4,,16.0,linecard,,7800R3,48124.04366
7800R3-36P,,,,,224.0,,8.0,,,,14.4,,16.0,linecard,,7800R3,48124.04366
7800R3-36P,,,,,224.0,,,8.0,,,14.4,,16.0,linecard,,7800R3,48124.04366
7800R3-36P,,,,,8.0,,224.0,,,,14.4,,16.0,linecard,,7800R3,48124.04366
7800R3-36P,,,,,,,224.0,8.0,,,14.4,,16.0,linecard,,7800R3,48124.04366
7800R3-36P,,,,,8.0,,,224.0,,,14.4,,16.0,linecard,,7800R3,48124.04366
7800R3-36P,,,,,,,8.0,224.0,,,14.4,,16.0,linecard,,7800R3,48124.04366
7800R3-36D,,36.0,,,,,,,,,14.4,,16.0,linecard,,7800R3,48124.04366
7800R3-36D,,,,144.0,,,,,,,14.4,,16.0,linecard,,7800R3,48124.04366
7800R3-36D,,,,,232.0,,,,,,14.4,,16.0,linecard,,7800R3,48124.04366
7800R3-36D,,8.0,,,224.0,,,,,,14.4,,16.0,linecard,,7800R3,48124.04366
7800R3-36D,,,,8.0,224.0,,,,,,14.4,,16.0,linecard,,7800R3,48124.04366
7800R3-36D,,,,,224.0,8.0,,,,,14.4,,16.0,linecard,,7800R3,48124.04366
7800R3-36D,,,,,,36.0,,,,,14.4,,16.0,linecard,,7800R3,48124.04366
7800R3-36D,,,,,,,232.0,,,,14.4,,16.0,linecard,,7800R3,48124.04366
7800R3-36D,,8.0,,,,,224.0,,,,14.4,,16.0,linecard,,7800R3,48124.04366
7800R3-36D,,,,8.0,,,224.0,,,,14.4,,16.0,linecard,,7800R3,48124.04366
7800R3-36D,,,,,,8.0,224.0,,,,14.4,,16.0,linecard,,7800R3,48124.04366
7800R3-36D,,,,,,,,232.0,,,14.4,,16.0,linecard,,7800R3,48124.04366
7800R3-36D,,8.0,,,,,,224.0,,,14.4,,16.0,linecard,,7800R3,48124.04366
7800R3-36D,,,,8.0,,,,224.0,,,14.4,,16.0,linecard,,7800R3,48124.04366
7800R3-36D,,,,,,8.0,,224.0,,,14.4,,16.0,linecard,,7800R3,48124.04366
7800R3-36D,,,,,224.0,,8.0,,,,14.4,,16.0,linecard,,7800R3,48124.04366
7800R3-36D,,,,,224.0,,,8.0,,,14.4,,16.0,linecard,,7800R3,48124.04366
7800R3-36D,,,,,8.0,,224.0,,,,14.4,,16.0,linecard,,7800R3,48124.04366
7800R3-36D,,,,,,,224.0,8.0,,,14.4,,16.0,linecard,,7800R3,48124.04366
7800R3-36D,,,,,8.0,,,224.0,,,14.4,,16.0,linecard,,7800R3,48124.04366
7800R3-36D,,,,,,,8.0,224.0,,,14.4,,16.0,linecard,,7800R3,48124.04366
7800R3K-36DM,,36.0,,,,,,,,,14.4,x,16.0,linecard,,7800R3,48124.04366
7800R3K-36DM,,,,144.0,,,,,,,14.4,x,16.0,linecard,,7800R3,48124.04366
7800R3K-36DM,,,,,232.0,,,,,,14.4,x,16.0,linecard,,7800R3,48124.04366
7800R3K-36DM,,8.0,,,224.0,,,,,,14.4,x,16.0,linecard,,7800R3,48124.04366
7800R3K-36DM,,,,8.0,224.0,,,,,,14.4,x,16.0,linecard,,7800R3,48124.04366
7800R3K-36DM,,,,,224.0,8.0,,,,,14.4,x,16.0,linecard,,7800R3,48124.04366
7800R3K-36DM,,,,,,36.0,,,,,14.4,x,16.0,linecard,,7800R3,48124.04366
7800R3K-36DM,,,,,,,232.0,,,,14.4,x,16.0,linecard,,7800R3,48124.04366
7800R3K-36DM,,8.0,,,,,224.0,,,,14.4,x,16.0,linecard,,7800R3,48124.04366
7800R3K-36DM,,,,8.0,,,224.0,,,,14.4,x,16.0,linecard,,7800R3,48124.04366
7800R3K-36DM,,,,,,8.0,224.0,,,,14.4,x,16.0,linecard,,7800R3,48124.04366
7800R3K-36DM,,,,,,,,232.0,,,14.4,x,16.0,linecard,,7800R3,48124.04366
7800R3K-36DM,,8.0,,,,,,224.0,,,14.4,x,16.0,linecard,,7800R3,48124.04366
7800R3K-36DM,,,,8.0,,,,224.0,,,14.4,x,16.0,linecard,,7800R3,48124.04366
7800R3K-36DM,,,,,,8.0,,224.0,,,14.4,x,16.0,linecard,,7800R3,48124.04366
7800R3K-36DM,,,,,224.0,,8.0,,,,14.4,x,16.0,linecard,,7800R3,48124.04366
7800R3K-36DM,,,,,224.0,,,8.0,,,14.4,x,16.0,linecard,,7800R3,48124.04366
7800R3K-36DM,,,,,8.0,,224.0,,,,14.4,x,16.0,linecard,,7800R3,48124.04366
7800R3K-36DM,,,,,,,224.0,8.0,,,14.4,x,16.0,linecard,,7800R3,48124.04366
7800R3K-36DM,,,,,8.0,,,224.0,,,14.4,x,16.0,linecard,,7800R3,48124.04366
7800R3K-36DM,,,,,,,8.0,224.0,,,14.4,x,16.0,linecard,,7800R3,48124.04366
7800R3-48CQ,,,,48.0,,,,,,,4.8,,8.0,linecard,,7800R3,15183.95104
7800R3-48CQ,,,,,96.0,,,,,,4.8,,8.0,linecard,,7800R3,15183.95104
7800R3-48CQ,,,,,,48.0,,,,,1.9,,8.0,linecard,,7800R3,15183.95104
7800R3-48CQ,,,,,,,96.0,,,,2.4,,8.0,linecard,,7800R3,15183.95104
7800R3-48CQ,,,,,,,,96.0,,,0.96,,8.0,linecard,,7800R3,15183.95104
7800R3-48CQM,,,,48.0,,,,,,,4.8,x,8.0,linecard,,7800R3,15183.95104
7800R3-48CQM,,,,,,48.0,,,,,1.9,,8.0,linecard,,7800R3,15183.95104
7800R3K-48CQ,,,,48.0,,,,,,,4.8,,8.0,linecard,,7800R3,15183.95104
7800R3K-48CQ,,,,,48.0,,,,,,2.4,,8.0,linecard,,7800R3,15183.95104
7800R3K-48CQ,,,,,,48.0,,,,,1.9,,8.0,linecard,,7800R3,15183.95104
7800R3K-48CQ,,,,,,,96.0,,,,2.4,,8.0,linecard,,7800R3,15183.95104
7800R3K-48CQ,,,,,,,,96.0,,,0.96,,8.0,linecard,,7800R3,15183.95104
7800R3K-72Y,,,,,32.0,,40.0,,,,2.4,,4.0,linecard,,7800R3,7976.337297
7800R3K-72Y,,,,,32.0,,,40.0,,,2.24,,4.0,linecard,,7800R3,7976.337297
7800R3K-72Y,,,,,32.0,,,,40.0,,1.76,,4.0,linecard,,7800R3,7976.337297
7800R3K-72Y,,,,,,,72.0,,,,1.76,,4.0,linecard,,7800R3,7976.337297
7800R3K-72Y,,,,,,,,72.0,,,1.76,,4.0,linecard,,7800R3,7976.337297
7800R3-48CQ2,,,,48.0,,,,,,,4.8,,8.0,linecard,,7800R3,15183.95104
7800R3-48CQ2,,,,,48.0,,,,,,2.4,,8.0,linecard,,7800R3,15183.95104
7800R3-48CQ2,,,,,,48.0,,,,,1.9,,8.0,linecard,,7800R3,15183.95104
7800R3-48CQ2,,,,,,,96.0,,,,2.4,,8.0,linecard,,7800R3,15183.95104
7800R3-48CQ2,,,,,,,,96.0,,,0.96,,8.0,linecard,,7800R3,15183.95104
7800R3-48CQM2,,,,48.0,,,,,,,4.8,x,8.0,linecard,,7800R3,15183.95104
7800R3-48CQM2,,,,,48.0,,,,,,2.4,x,8.0,linecard,,7800R3,15183.95104
7800R3-48CQM2,,,,,,48.0,,,,,1.9,x,8.0,linecard,,7800R3,15183.95104
7800R3-48CQM2,,,,,,,96.0,,,,2.4,x,8.0,linecard,,7800R3,15183.95104
7800R3-48CQM2,,,,,,,,96.0,,,0.96,x,8.0,linecard,,7800R3,15183.95104
7800R3-48CQMS,,,,48.0,,,,,,,4.8,x,8.0,linecard,,7800R3,15183.95104
7800R3-48CQMS,,,,,48.0,,,,,,2.4,x,8.0,linecard,,7800R3,15183.95104
7800R3-48CQMS,,,,,,48.0,,,,,1.9,x,8.0,linecard,,7800R3,15183.95104
7800R3-48CQMS,,,,,,,96.0,,,,2.4,x,8.0,linecard,,7800R3,15183.95104
7800R3-48CQMS,,,,,,,,96.0,,,0.96,x,8.0,linecard,,7800R3,15183.95104
7720R4-128PE,128.0,,,,,,,,,,102.4,,,fixed,,7700R4,377482.176
7700R4C-38PE,38.0,,,1.0,,,,,,,14.4,,16.0,fixed,,7700R4,105826.9615
7512R3,,,,,,,,,,,230.0,,,modular,12.0,7500R3,19192.88709
7508R3,,,,,,,,,,,153.0,,,modular,8.0,7500R3,12538.4683
7504R3,,,,,,,,,,,77.0,,,modular,4.0,7500R3,6055.681021
7500R3-24P,,24.0,,,,,,,,,9.6,,16.0,linecard,,7500R3,31438.82383
7500R3-24P,,,,96.0,,,,,,,9.6,,16.0,linecard,,7500R3,31438.82383
7500R3-24P,,,,,192.0,,,,,,9.6,,16.0,linecard,,7500R3,31438.82383
7500R3-24P,,,,,,24.0,,,,,0.96,,16.0,linecard,,7500R3,31438.82383
7500R3-24P,,,,,,,192.0,,,,4.8,,16.0,linecard,,7500R3,31438.82383
7500R3-24P,,,,,,,,192.0,,,1.9,,16.0,linecard,,7500R3,31438.82383
7500R3-24D,,24.0,,,,,,,,,9.6,,16.0,linecard,,7500R3,31438.82383
7500R3-24D,,,,96.0,,,,,,,9.6,,16.0,linecard,,7500R3,31438.82383
7500R3-24D,,,,,192.0,,,,,,9.6,,16.0,linecard,,7500R3,31438.82383
7500R3-24D,,,,,,24.0,,,,,0.96,,16.0,linecard,,7500R3,31438.82383
7500R3-24D,,,,,,,192.0,,,,4.8,,16.0,linecard,,7500R3,31438.82383
7500R3-24D,,,,,,,,192.0,,,1.9,,16.0,linecard,,7500R3,31438.82383
7500R3-36CQ,,,,36.0,,,,,,,3.6,,16.0,linecard,,7500R3,11225.33011
7500R3-36CQ,,,,,72.0,,,,,,3.6,,16.0,linecard,,7500R3,11225.33011
7500R3-36CQ,,,,,,36.0,,,,,1.44,,16.0,linecard,,7500R3,11225.33011
7500R3-36CQ,,,,,,,96.0,,,,2.4,,16.0,linecard,,7500R3,11225.33011
7500R3-36CQ,,,,,,,,96.0,,,0.96,,16.0,linecard,,7500R3,11225.33011
7500R3K-36CQ,,,,36.0,,,,,,,3.6,,16.0,linecard,,7500R3,11225.33011
7500R3K-36CQ,,,,,72.0,,,,,,3.6,,16.0,linecard,,7500R3,11225.33011
7500R3K-36CQ,,,,,,36.0,,,,,1.44,,16.0,linecard,,7500R3,11225.33011
7500R3K-36CQ,,,,,,,96.0,,,,2.4,,16.0,linecard,,7500R3,11225.33011
7500R3K-36CQ,,,,,,,,96.0,,,0.96,,16.0,linecard,,7500R3,11225.33011
7500R3K-48Y4D,,4.0,,,,,48.0,,,,,,4.0,linecard,,7500R3,8621.789757
7500R3K-48Y4D,,,,16.0,,,48.0,,,,,,4.0,linecard,,7500R3,8621.789757
7500R3K-48Y4D,,,,,32.0,,48.0,,,,,,4.0,linecard,,7500R3,8621.789757
7500R3K-48Y4D,,,,,,4.0,48.0,,,,,,4.0,linecard,,7500R3,8621.789757
7500R3K-48Y4D,,,,,,,80.0,,,,,,4.0,linecard,,7500R3,8621.789757
7500R3K-48Y4D,,4.0,,,,,,48.0,,,,,4.0,linecard,,7500R3,8621.789757
7500R3K-48Y4D,,,,16.0,,,,48.0,,,,,4.0,linecard,,7500R3,8621.789757
7500R3K-48Y4D,,,,,32.0,,,48.0,,,,,4.0,linecard,,7500R3,8621.789757
7500R3K-48Y4D,,,,,,4.0,,48.0,,,,,4.0,linecard,,7500R3,8621.789757
7500R3K-48Y4D,,,,,,,,80.0,,,,,4.0,linecard,,7500R3,8621.789757
7516N,,,,,,,,,,,150.0,,,modular,16.0,7500R,25961.27286
7512N,,,,,,,,,,,115.0,,,modular,12.0,7500R,19192.88709
7508N,,,,,,,,,,,75.0,,,modular,8.0,7500R,12538.4683
7504N,,,,,,,,,,,38.0,,,modular,4.0,7500R,6055.681021
7500R-36CQ,,,,36.0,,,,,,,,,24.0,linecard,,7500R,11225.33011
7500R-36CQ,,,,,72.0,,,,,,,,,linecard,,7500R,11225.33011
7500R-36CQ,,,,,,36.0,,,,,,,,linecard,,7500R,11225.33011
7500R-36CQ,,,,,,,144.0,,,,,,,linecard,,7500R,11225.33011
7500R-36CQ,,,,,,,,144.0,,,,,,linecard,,7500R,11225.33011
7500R-36Q,,,,6.0,,,,,,,,,8.0,linecard,,7500R,1710.567862
7500R-36Q,,,,,12.0,,,,,,,,,linecard,,7500R,1710.567862
7500R-36Q,,,,,,36.0,,,,,,,,linecard,,7500R,1710.567862
7500R-36Q,,,,,,,24.0,,,,,,,linecard,,7500R,1710.567862
7500R-36Q,,,,,,,,96.0,,,,,,linecard,,7500R,1710.567862
7500R-48S2CQ,,,,2.0,,,,48.0,,,,,4.0,linecard,,7500R,1950.813956
7500R-48S2CQ,,,,,4.0,,,48.0,,,,,,linecard,,7500R,1950.813956
7500R-48S2CQ,,,,,,2.0,,48.0,,,,,,linecard,,7500R,1950.813956
7500R-48S2CQ,,,,,,,8.0,48.0,,,,,,linecard,,7500R,1950.813956
7500R-48S2CQ,,,,,,,,56.0,,,,,,linecard,,7500R,1950.813956
7500R2A-36CQ,,,,36.0,,,,,,,,,16.0,linecard,,7500R,11225.33011
7500R2A-36CQ,,,,,72.0,,,,,,,,,linecard,,7500R,11225.33011
7500R2A-36CQ,,,,,,36.0,,,,,,,,linecard,,7500R,11225.33011
7500R2A-36CQ,,,,,,,144.0,,,,,,,linecard,,7500R,11225.33011
7500R2A-36CQ,,,,,,,,144.0,,,,,,linecard,,7500R,11225.33011
7500R2-36CQ,,,,36.0,,,,,,,,,16.0,linecard,,7500R,11225.33011
7500R2-36CQ,,,,,72.0,,,,,,,,,linecard,,7500R,11225.33011
7500R2-36CQ,,,,,,36.0,,,,,,,,linecard,,7500R,11225.33011
7500R2-36CQ,,,,,,,144.0,,,,,,,linecard,,7500R,11225.33011
7500R2-36CQ,,,,,,,,144.0,,,,,,linecard,,7500R,11225.33011
7500R2AK-36CQ,,,,36.0,,,,,,,,,24.0,linecard,,7500R,11225.33011
7500R2AK-36CQ,,,,,72.0,,,,,,,,,linecard,,7500R,11225.33011
7500R2AK-36CQ,,,,,,36.0,,,,,,,,linecard,,7500R,11225.33011
7500R2AK-36CQ,,,,,,,144.0,,,,,,,linecard,,7500R,11225.33011
7500R2AK-36CQ,,,,,,,,144.0,,,,,,linecard,,7500R,11225.33011
7500R2AK-48YCQ,,,,2.0,,,12.0,48.0,,,,,4.0,linecard,,7500R,2863.313329
7500R2AK-48YCQ,,,,,4.0,,12.0,48.0,,,,,,linecard,,7500R,2863.313329
7500R2AK-48YCQ,,,,,,2.0,12.0,48.0,,,,,,linecard,,7500R,2863.313329
7500R2AK-48YCQ,,,,,,,20.0,48.0,,,,,,linecard,,7500R,2863.313329
7500R2AK-48YCQ,,,,,,,12.0,56.0,,,,,,linecard,,7500R,2863.313329
7308X3,,,,,,,,,,,51.2,,,modular,8.0,7300X3,12538.4683
7304X3,,,,,,,,,,,25.6,,,modular,4.0,7300X3,6055.681021
DCS-7300X3-32C-LC,,,,32.0,,,128.0,,,,,,0.064,linecard,,7300X3,20538.58256
DCS-7300X3-32C-LC,,,,,,32.0,128.0,,,,,,,linecard,,7300X3,20538.58256
DCS-7300X3-32C-LC,,,,32.0,,,,128.0,,,,,,linecard,,7300X3,20538.58256
DCS-7300X3-32C-LC,,,,,,32.0,,128.0,,,,,,linecard,,7300X3,20538.58256
DCS-7300X3-48YC4-LC,,,,4.0,,,64.0,,,,,,0.032,linecard,,7300X3,6055.681021
DCS-7300X3-48YC4-LC,,,,,,4.0,64.0,,,,,,,linecard,,7300X3,6055.681021
DCS-7300X3-48YC4-LC,,,,4.0,,,,64.0,,,,,,linecard,,7300X3,6055.681021
DCS-7300X3-48YC4-LC,,,,,,4.0,,64.0,,,,,,linecard,,7300X3,6055.681021
DCS-7300X3-48TC4-LC,,,,4.0,,,64.0,,,,,,0.032,linecard,,7300X3,6055.681021
DCS-7300X3-48TC4-LC,,,,,,4.0,64.0,,,,,,,linecard,,7300X3,6055.681021
DCS-7300X3-48TC4-LC,,,,4.0,,,,64.0,,,,,,linecard,,7300X3,6055.681021
DCS-7300X3-48TC4-LC,,,,,,4.0,,64.0,,,,,,linecard,,7300X3,6055.681021
7388X5,,,,,,,,,,,25.6,,0.114,modular,8.0,7388X5,12538.4683
DCS-7388-16CD2,,,16.0,,,,,,,,,,,linecard,,7388X5,9919.48152
DCS-7388-16CD2,,,,32.0,,,,,,,,,,linecard,,7388X5,9919.48152
DCS-7388-16CD2,,,,,,16.0,,,,,,,,linecard,,7388X5,9919.48152
DCS-7388-16CD2,,,,,,,32.0,,,,,,,linecard,,7388X5,9919.48152
DCS-7388-16CD2,,,,,,,,32.0,,,,,,linecard,,7388X5,9919.48152
DCS-7388-8DR,,8.0,,,,,,,,,,,,linecard,,7388X5,9919.48152
DCS-7388-8DR,,,16.0,,,,,,,,,,,linecard,,7388X5,9919.48152
DCS-7388-8DR,,,,32.0,,,,,,,,,,linecard,,7388X5,9919.48152
DCS-7388-8DR,,,,,,8.0,,,,,,,,linecard,,7388X5,9919.48152
DCS-7388-8DR,,,,,,,32.0,,,,,,,linecard,,7388X5,9919.48152
DCS-7388-8DR,,,,,,,,32.0,,,,,,linecard,,7388X5,9919.48152
DCS-7388-8D,,8.0,,,,,,,,,,x,,linecard,,7388X5,9919.48152
DCS-7388-8D,,,16.0,,,,,,,,,x,,linecard,,7388X5,9919.48152
DCS-7388-8D,,,,32.0,,,,,,,,x,,linecard,,7388X5,9919.48152
DCS-7388-8D,,,,,,8.0,,,,,,x,,linecard,,7388X5,9919.48152
DCS-7388-8D,,,,,,,32.0,,,,,x,,linecard,,7388X5,9919.48152
DCS-7388-8D,,,,,,,,32.0,,,,x,,linecard,,7388X5,9919.48152
7368X4,,,,,,,,,,,12.8,,0.064,modular,4.0,7368X4,12538.4683
DCS-7368-16S,,,,,,,16.0,,,,,,,linecard,,7368X4,1117.492164
DCS-7368-16S,,,,,,,,16.0,,,,,,linecard,,7368X4,1117.492164
DCS-7368-16C,,,8.0,,,,,,,,,,,linecard,,7368X4,4790.793782
DCS-7368-16C,,,,16.0,,,,,,,,,,linecard,,7368X4,4790.793782
DCS-7368-16C,,,,,,,16.0,,,,,,,linecard,,7368X4,4790.793782
DCS-7368-16C,,,,,,,,16.0,,,,,,linecard,,7368X4,4790.793782
DCS-7358-16C,,,8.0,,,,,,,,,,,linecard,,7368X4,4790.793782
DCS-7358-16C,,,,16.0,,,,,,,,,,linecard,,7368X4,4790.793782
DCS-7358-16C,,,,,,,16.0,,,,,,,linecard,,7368X4,4790.793782
DCS-7358-16C,,,,,,,,16.0,,,,,,linecard,,7368X4,4790.793782
DCS-7368-4D,,4.0,,,,,,,,,,,,linecard,,7368X4,4790.793782
DCS-7368-4D,,,8.0,,,,,,,,,,,linecard,,7368X4,4790.793782
DCS-7368-4D,,,,16.0,,,,,,,,,,linecard,,7368X4,4790.793782
DCS-7368-4P,,4.0,,,,,,,,,,,,linecard,,7368X4,4790.793782
DCS-7368-4P,,,8.0,,,,,,,,,,,linecard,,7368X4,4790.793782
DCS-7368-4P,,,,16.0,,,,,,,,,,linecard,,7368X4,4790.793782
7280R4-32PE,32.0,,,,,,,,,,25.6,x,32.0,fixed,,7280R4,88050.83099
7280R4-32PE,,64.0,,,,,8.0,,,,25.6,x,32.0,fixed,,7280R4,88050.83099
7280R4-32PE,,,,256.0,,,8.0,,,,25.6,x,32.0,fixed,,7280R4,88050.83099
7280R4-32PE,,,,,256.0,,8.0,,,,13.0,x,32.0,fixed,,7280R4,88050.83099
7280R4-32PE,,,,,,,264.0,,,,6.6,x,32.0,fixed,,7280R4,88050.83099
7280R4K-32PE,32.0,,,,,,,,,,25.6,x,32.0,fixed,,7280R4,88050.83099
7280R4K-32PE,,64.0,,,,,8.0,,,,,x,32.0,fixed,,7280R4,88050.83099
7280R4K-32PE,,,,256.0,,,8.0,,,,,x,32.0,fixed,,7280R4,88050.83099
7280R4K-32PE,,,,,256.0,,8.0,,,,,x,32.0,fixed,,7280R4,88050.83099
7280R4K-32PE,,,,,,,264.0,,,,,x,32.0,fixed,,7280R4,88050.83099
7280R4-32DE,32.0,,,,,,,,,,25.6,x,32.0,fixed,,7280R4,88050.83099
7280R4-32DE,,64.0,,,,,8.0,,,,,x,32.0,fixed,,7280R4,88050.83099
7280R4-32DE,,,,256.0,,,8.0,,,,,x,32.0,fixed,,7280R4,88050.83099
7280R4-32DE,,,,,256.0,,8.0,,,,,x,32.0,fixed,,7280R4,88050.83099
7280R4-32DE,,,,,,,264.0,,,,,x,32.0,fixed,,7280R4,88050.83099
7280R4K-32DE,32.0,,,,,,,,,,25.6,x,32.0,fixed,,7280R4,88050.83099
7280R4K-32DE,,64.0,,,,,8.0,,,,,x,32.0,fixed,,7280R4,88050.83099
7280R4K-32DE,,,,256.0,,,8.0,,,,,x,32.0,fixed,,7280R4,88050.83099
7280R4K-32DE,,,,,256.0,,8.0,,,,,x,32.0,fixed,,7280R4,88050.83099
7280R4K-32DE,,,,,,,264.0,,,,,x,32.0,fixed,,7280R4,88050.83099
7280R4-64QC-10PE,10.0,,,64.0,,,,,,,14.4,,16.0,fixed,,7280R4,48124.04366
7280R4-64QC-10PE,,20.0,,64.0,,,,,,,14.4,,16.0,fixed,,7280R4,48124.04366
7280R4-64QC-10PE,,,,144.0,,,,,,,14.4,,16.0,fixed,,7280R4,48124.04366
7280R4-64QC-10PE,,,,64.0,80.0,,,,,,10.4,,16.0,fixed,,7280R4,48124.04366
7280R4-64QC-10PE,,,,64.0,,,80.0,,,,8.4,,16.0,fixed,,7280R4,48124.04366
7280R4K-64QC-10PE,10.0,,,64.0,,,,,,,14.4,x,16.0,fixed,,7280R4,48124.04366
7280R4K-64QC-10PE,,20.0,,64.0,,,,,,,14.4,x,16.0,fixed,,7280R4,48124.04366
7280R4K-64QC-10PE,,,,144.0,,,,,,,14.4,x,16.0,fixed,,7280R4,48124.04366
7280R4K-64QC-10PE,,,,64.0,80.0,,,,,,10.4,x,16.0,fixed,,7280R4,48124.04366
7280R4K-64QC-10PE,,,,64.0,,,80.0,,,,8.4,x,16.0,fixed,,7280R4,48124.04366
7280R3A,,,,,,,,,,,,,,modular,9.0,7280R3A,0.0
DCS-7368-16S,,,,,,,16.0,,,,,,,linecard,,7280R3A,1117.492164
DCS-7368-16S,,,,,,,,16.0,,,,,,linecard,,7280R3A,1117.492164
DCS-7358-16C,,,4.0,,,,,,,,,,,linecard,,7280R3A,4790.793782
DCS-7358-16C,,,,16.0,,,,,,,,,,linecard,,7280R3A,4790.793782
DCS-7358-16C,,,,11.0,,20.0,,,,,,,,linecard,,7280R3A,4790.793782
DCS-7358-16C,,,2.0,3.0,,20.0,,,,,,,,linecard,,7280R3A,4790.793782
DCS-7368-4D,,4.0,,,,,,,,,,,,linecard,,7280R3A,4790.793782
DCS-7368-4D,,,8.0,,,,,,,,,,,linecard,,7280R3A,4790.793782
DCS-7368-4D,,,,16.0,,,,,,,,,,linecard,,7280R3A,4790.793782
DCS-7368-4D,,,,,,,16.0,,,,,,,linecard,,7280R3A,4790.793782
DCS-7368-4D,,,,,,,,16.0,,,,,,linecard,,7280R3A,4790.793782
DCS-7368-4P,,4.0,,,,,,,,,,,,linecard,,7280R3A,4790.793782
DCS-7368-4P,,,8.0,,,,,,,,,,,linecard,,7280R3A,4790.793782
DCS-7368-4P,,,,16.0,,,,,,,,,,linecard,,7280R3A,4790.793782
DCS-7368-4P,,,,,,,16.0,,,,,,,linecard,,7280R3A,4790.793782
DCS-7368-4P,,,,,,,,16.0,,,,,,linecard,,7280R3A,4790.793782
7280DR3A-54,,54.0,,,,,,,,,,,,fixed,,7280R3A,73664.44721
7280DR3A-54,,,,216.0,,,,,,,,,,fixed,,7280R3A,73664.44721
7280DR3A-54,,,,,348.0,,,,,,,,,fixed,,7280R3A,73664.44721
7280DR3A-54,,12.0,,,336.0,,,,,,,,,fixed,,7280R3A,73664.44721
7280DR3A-54,,,,84.0,264.0,,,,,,,,,fixed,,7280R3A,73664.44721
7280DR3A-54,,,,,336.0,12.0,,,,,,,,fixed,,7280R3A,73664.44721
7280DR3A-54,,12.0,,,,,336.0,,,,,,,fixed,,7280R3A,73664.44721
7280DR3A-54,,,,84.0,,,264.0,,,,,,,fixed,,7280R3A,73664.44721
7280DR3A-54,,,,,,12.0,336.0,,,,,,,fixed,,7280R3A,73664.44721
7280DR3A-54,,12.0,,,,,,336.0,,,,,,fixed,,7280R3A,73664.44721
7280DR3A-54,,,,84.0,,,,264.0,,,,,,fixed,,7280R3A,73664.44721
7280DR3A-54,,,,,,12.0,,336.0,,,,,,fixed,,7280R3A,73664.44721
7280DR3AM-54,,54.0,,,,,,,,,,x,,fixed,,7280R3A,73664.44721
7280DR3AM-54,,,,216.0,,,,,,,,x,,fixed,,7280R3A,73664.44721
7280DR3AM-54,,,,,348.0,,,,,,,x,,fixed,,7280R3A,73664.44721
7280DR3AM-54,,12.0,,,336.0,,,,,,,x,,fixed,,7280R3A,73664.44721
7280DR3AM-54,,,,84.0,264.0,,,,,,,x,,fixed,,7280R3A,73664.44721
7280DR3AM-54,,,,,336.0,12.0,,,,,,x,,fixed,,7280R3A,73664.44721
7280DR3AM-54,,12.0,,,,,336.0,,,,,x,,fixed,,7280R3A,73664.44721
7280DR3AM-54,,,,84.0,,,264.0,,,,,x,,fixed,,7280R3A,73664.44721
7280DR3AM-54,,,,,,12.0,336.0,,,,,x,,fixed,,7280R3A,73664.44721
7280DR3AM-54,,12.0,,,,,,336.0,,,,x,,fixed,,7280R3A,73664.44721
7280DR3AM-54,,,,84.0,,,,264.0,,,,x,,fixed,,7280R3A,73664.44721
7280DR3AM-54,,,,,,12.0,,336.0,,,,x,,fixed,,7280R3A,73664.44721
7280DR3AK-54,,54.0,,,,,,,,,,x,,fixed,,7280R3A,73664.44721
7280DR3AK-54,,,,216.0,,,,,,,,x,,fixed,,7280R3A,73664.44721
7280DR3AK-54,,,,,348.0,,,,,,,x,,fixed,,7280R3A,73664.44721
7280DR3AK-54,,12.0,,,336.0,,,,,,,x,,fixed,,7280R3A,73664.44721
7280DR3AK-54,,,,84.0,264.0,,,,,,,x,,fixed,,7280R3A,73664.44721
7280DR3AK-54,,,,,336.0,12.0,,,,,,x,,fixed,,7280R3A,73664.44721
7280DR3AK-54,,12.0,,,,,336.0,,,,,x,,fixed,,7280R3A,73664.44721
7280DR3AK-54,,,,84.0,,,264.0,,,,,x,,fixed,,7280R3A,73664.44721
7280DR3AK-54,,,,,,12.0,336.0,,,,,x,,fixed,,7280R3A,73664.44721
7280DR3AK-54,,12.0,,,,,,336.0,,,,x,,fixed,,7280R3A,73664.44721
7280DR3AK-54,,,,84.0,,,,264.0,,,,x,,fixed,,7280R3A,73664.44721
7280DR3AK-54,,,,,,12.0,,336.0,,,,x,,fixed,,7280R3A,73664.44721
7280DR3A-36,,36.0,,,,,,,,,,,,fixed,,7280R3A,48124.04366
7280DR3A-36,,,,144.0,,,,,,,,,,fixed,,7280R3A,48124.04366
7280DR3A-36,,,,,,36.0,,,,,,,,fixed,,7280R3A,48124.04366
7280DR3A-36,,,,,232.0,,,,,,,,,fixed,,7280R3A,48124.04366
7280DR3A-36,,8.0,,,224.0,,,,,,,,,fixed,,7280R3A,48124.04366
7280DR3A-36,,,,18.0,214.0,,,,,,,,,fixed,,7280R3A,48124.04366
7280DR3A-36,,,,,224.0,8.0,,,,,,,,fixed,,7280R3A,48124.04366
7280DR3A-36,,,,,,,232.0,,,,,,,fixed,,7280R3A,48124.04366
7280DR3A-36,,8.0,,,,,224.0,,,,,,,fixed,,7280R3A,48124.04366
7280DR3A-36,,,,18.0,,,214.0,,,,,,,fixed,,7280R3A,48124.04366
7280DR3A-36,,,,,,8.0,224.0,,,,,,,fixed,,7280R3A,48124.04366
7280DR3A-36,,,,,,,,232.0,,,,,,fixed,,7280R3A,48124.04366
7280DR3A-36,,8.0,,,,,,224.0,,,,,,fixed,,7280R3A,48124.04366
7280DR3A-36,,,,18.0,,,,214.0,,,,,,fixed,,7280R3A,48124.04366
7280DR3A-36,,,,,,8.0,,224.0,,,,,,fixed,,7280R3A,48124.04366
7280DR3AM-36,,36.0,,,,,,,,,,,,fixed,,7280R3A,48124.04366
7280DR3AM-36,,,,144.0,,,,,,,,,,fixed,,7280R3A,48124.04366
7280DR3AM-36,,,,,,36.0,,,,,,,,fixed,,7280R3A,48124.04366
7280DR3AM-36,,,,,232.0,,,,,,,,,fixed,,7280R3A,48124.04366
7280DR3AM-36,,8.0,,,224.0,,,,,,,,,fixed,,7280R3A,48124.04366
7280DR3AM-36,,,,18.0,214.0,,,,,,,,,fixed,,7280R3A,48124.04366
7280DR3AM-36,,,,,224.0,8.0,,,,,,,,fixed,,7280R3A,48124.04366
7280DR3AM-36,,,,,,,232.0,,,,,,,fixed,,7280R3A,48124.04366
7280DR3AM-36,,8.0,,,,,224.0,,,,,,,fixed,,7280R3A,48124.04366
7280DR3AM-36,,,,18.0,,,214.0,,,,,,,fixed,,7280R3A,48124.04366
7280DR3AM-36,,,,,,8.0,224.0,,,,,,,fixed,,7280R3A,48124.04366
7280DR3AM-36,,,,,,,,232.0,,,,,,fixed,,7280R3A,48124.04366
7280DR3AM-36,,8.0,,,,,,224.0,,,,,,fixed,,7280R3A,48124.04366
7280DR3AM-36,,,,18.0,,,,214.0,,,,,,fixed,,7280R3A,48124.04366
7280DR3AM-36,,,,,,8.0,,224.0,,,,,,fixed,,7280R3A,48124.04366
7280DR3AK-36,,36.0,,,,,,,,,,,,fixed,,7280R3A,48124.04366
7280DR3AK-36,,,,144.0,,,,,,,,,,fixed,,7280R3A,48124.04366
7280DR3AK-36,,,,,,36.0,,,,,,,,fixed,,7280R3A,48124.04366
7280DR3AK-36,,,,,232.0,,,,,,,,,fixed,,7280R3A,48124.04366
7280DR3AK-36,,8.0,,,224.0,,,,,,,,,fixed,,7280R3A,48124.04366
7280DR3AK-36,,,,18.0,214.0,,,,,,,,,fixed,,7280R3A,48124.04366
7280DR3AK-36,,,,,224.0,8.0,,,,,,,,fixed,,7280R3A,48124.04366
7280DR3AK-36,,,,,,,232.0,,,,,,,fixed,,7280R3A,48124.04366
7280DR3AK-36,,8.0,,,,,224.0,,,,,,,fixed,,7280R3A,48124.04366
7280DR3AK-36,,,,18.0,,,214.0,,,,,,,fixed,,7280R3A,48124.04366
7280DR3AK-36,,,,,,8.0,224.0,,,,,,,fixed,,7280R3A,48124.04366
7280DR3AK-36,,,,,,,,232.0,,,,,,fixed,,7280R3A,48124.04366
7280DR3AK-36,,8.0,,,,,,224.0,,,,,,fixed,,7280R3A,48124.04366
7280DR3AK-36,,,,18.0,,,,214.0,,,,,,fixed,,7280R3A,48124.04366
7280DR3AK-36,,,,,,8.0,,224.0,,,,,,fixed,,7280R3A,48124.04366
7280CR3A-24D12,,12.0,,24.0,,,,,,,,,,fixed,,7280R3A,23242.38103
7280CR3A-24D12,,12.0,,,48.0,,,,,,,,,fixed,,7280R3A,23242.38103
7280CR3A-24D12,,12.0,,,,24.0,,,,,,,,fixed,,7280R3A,23242.38103
7280CR3A-24D12,,12.0,,,,,96.0,,,,,,,fixed,,7280R3A,23242.38103
7280CR3A-24D12,,12.0,,,,,,96.0,,,,,,fixed,,7280R3A,23242.38103
7280CR3A-24D12,,,,72.0,,,,,,,,,,fixed,,7280R3A,23242.38103
7280CR3A-24D12,,,,48.0,48.0,,,,,,,,,fixed,,7280R3A,23242.38103
7280CR3A-24D12,,,,48.0,,24.0,,,,,,,,fixed,,7280R3A,23242.38103
7280CR3A-24D12,,,,48.0,,,68.0,,,,,,,fixed,,7280R3A,23242.38103
7280CR3A-24D12,,,,57.0,,,59.0,,,,,,,fixed,,7280R3A,23242.38103
7280CR3A-24D12,,,,48.0,,,,68.0,,,,,,fixed,,7280R3A,23242.38103
7280CR3A-24D12,,,,57.0,,,,59.0,,,,,,fixed,,7280R3A,23242.38103
7280CR3A-24D12,,,,,116.0,,,,,,,,,fixed,,7280R3A,23242.38103
7280CR3A-24D12,,,,,,36.0,,,,,,,,fixed,,7280R3A,23242.38103
7280CR3A-24D12,,,,,,,116.0,,,,,,,fixed,,7280R3A,23242.38103
7280CR3A-24D12,,,,,,,,116.0,,,,,,fixed,,7280R3A,23242.38103
7280CR3AM-24D12,,12.0,,24.0,,,,,,,,x,,fixed,,7280R3A,23242.38103
7280CR3AM-24D12,,12.0,,,48.0,,,,,,,x,,fixed,,7280R3A,23242.38103
7280CR3AM-24D12,,12.0,,,,24.0,,,,,,x,,fixed,,7280R3A,23242.38103
7280CR3AM-24D12,,12.0,,,,,96.0,,,,,x,,fixed,,7280R3A,23242.38103
7280CR3AM-24D12,,12.0,,,,,,96.0,,,,x,,fixed,,7280R3A,23242.38103
7280CR3AM-24D12,,,,72.0,,,,,,,,x,,fixed,,7280R3A,23242.38103
7280CR3AM-24D12,,,,48.0,48.0,,,,,,,x,,fixed,,7280R3A,23242.38103
7280CR3AM-24D12,,,,48.0,,24.0,,,,,,x,,fixed,,7280R3A,23242.38103
7280CR3AM-24D12,,,,48.0,,,68.0,,,,,x,,fixed,,7280R3A,23242.38103
7280CR3AM-24D12,,,,57.0,,,59.0,,,,,x,,fixed,,7280R3A,23242.38103
7280CR3AM-24D12,,,,48.0,,,,68.0,,,,x,,fixed,,7280R3A,23242.38103
7280CR3AM-24D12,,,,57.0,,,,59.0,,,,x,,fixed,,7280R3A,23242.38103
7280CR3AM-24D12,,,,,116.0,,,,,,,x,,fixed,,7280R3A,23242.38103
7280CR3AM-24D12,,,,,,36.0,,,,,,x,,fixed,,7280R3A,23242.38103
7280CR3AM-24D12,,,,,,,116.0,,,,,x,,fixed,,7280R3A,23242.38103
7280CR3AM-24D12,,,,,,,,116.0,,,,x,,fixed,,7280R3A,23242.38103
7280CR3AK-24D12,,12.0,,24.0,,,,,,,,x,,fixed,,7280R3A,23242.38103
7280CR3AK-24D12,,12.0,,,48.0,,,,,,,x,,fixed,,7280R3A,23242.38103
7280CR3AK-24D12,,12.0,,,,24.0,,,,,,x,,fixed,,7280R3A,23242.38103
7280CR3AK-24D12,,12.0,,,,,96.0,,,,,x,,fixed,,7280R3A,23242.38103
7280CR3AK-24D12,,12.0,,,,,,96.0,,,,x,,fixed,,7280R3A,23242.38103
7280CR3AK-24D12,,,,72.0,,,,,,,,x,,fixed,,7280R3A,23242.38103
7280CR3AK-24D12,,,,48.0,48.0,,,,,,,x,,fixed,,7280R3A,23242.38103
7280CR3AK-24D12,,,,48.0,,24.0,,,,,,x,,fixed,,7280R3A,23242.38103
7280CR3AK-24D12,,,,48.0,,,68.0,,,,,x,,fixed,,7280R3A,23242.38103
7280CR3AK-24D12,,,,57.0,,,59.0,,,,,x,,fixed,,7280R3A,23242.38103
7280CR3AK-24D12,,,,48.0,,,,68.0,,,,x,,fixed,,7280R3A,23242.38103
7280CR3AK-24D12,,,,57.0,,,,59.0,,,,x,,fixed,,7280R3A,23242.38103
7280CR3AK-24D12,,,,,116.0,,,,,,,x,,fixed,,7280R3A,23242.38103
7280CR3AK-24D12,,,,,,36.0,,,,,,x,,fixed,,7280R3A,23242.38103
7280CR3AK-24D12,,,,,,,116.0,,,,,x,,fixed,,7280R3A,23242.38103
7280CR3AK-24D12,,,,,,,,116.0,,,,x,,fixed,,7280R3A,23242.38103
7280CR3A-48D6,,6.0,,48.0,,,,,,,,,,fixed,,7280R3A,23242.38103
7280CR3A-48D6,,1.0,,68.0,,,,,,,,,,fixed,,7280R3A,23242.38103
7280CR3A-48D6,,6.0,,,96.0,,,,,,,,,fixed,,7280R3A,23242.38103
7280CR3A-48D6,,2.0,,,114.0,,,,,,,,,fixed,,7280R3A,23242.38103
7280CR3A-48D6,,4.0,,,112.0,,,,,,,,,fixed,,7280R3A,23242.38103
7280CR3A-48D6,,,,,,54.0,,,,,,,,fixed,,7280R3A,23242.38103
7280CR3A-48D6,,6.0,,,,48.0,,,,,,,,fixed,,7280R3A,23242.38103
7280CR3A-48D6,,6.0,,,,,108.0,,,,,,,fixed,,7280R3A,23242.38103
7280CR3A-48D6,,,,,,,114.0,,,,,,,fixed,,7280R3A,23242.38103
7280CR3A-48D6,,6.0,,,,,,108.0,,,,,,fixed,,7280R3A,23242.38103
7280CR3A-48D6,,,,,,,,114.0,,,,,,fixed,,7280R3A,23242.38103
7280CR3A-48D6,,,,24.0,92.0,,,,,,,,,fixed,,7280R3A,23242.38103
7280CR3A-48D6,,,,24.0,,48.0,,,,,,,,fixed,,7280R3A,23242.38103
7280CR3A-48D6,,,,24.0,,,92.0,,,,,,,fixed,,7280R3A,23242.38103
7280CR3A-48D6,,,,24.0,,,,92.0,,,,,,fixed,,7280R3A,23242.38103
7280CR3A-48D6,,,,,114.0,,,,,,,,,fixed,,7280R3A,23242.38103
7280CR3A-48D6,,,,,,,114.0,,,,,,,fixed,,7280R3A,23242.38103
7280CR3A-48D6,,,,,,,,114.0,,,,,,fixed,,7280R3A,23242.38103
7280CR3AM-48D6,,6.0,,48.0,,,,,,,,x,,fixed,,7280R3A,23242.38103
7280CR3AM-48D6,,1.0,,68.0,,,,,,,,x,,fixed,,7280R3A,23242.38103
7280CR3AM-48D6,,6.0,,,96.0,,,,,,,x,,fixed,,7280R3A,23242.38103
7280CR3AM-48D6,,2.0,,,114.0,,,,,,,x,,fixed,,7280R3A,23242.38103
7280CR3AM-48D6,,4.0,,,112.0,,,,,,,x,,fixed,,7280R3A,23242.38103
7280CR3AM-48D6,,,,,,54.0,,,,,,x,,fixed,,7280R3A,23242.38103
7280CR3AM-48D6,,6.0,,,,48.0,,,,,,x,,fixed,,7280R3A,23242.38103
7280CR3AM-48D6,,6.0,,,,,108.0,,,,,x,,fixed,,7280R3A,23242.38103
7280CR3AM-48D6,,,,,,,114.0,,,,,x,,fixed,,7280R3A,23242.38103
7280CR3AM-48D6,,6.0,,,,,,108.0,,,,x,,fixed,,7280R3A,23242.38103
7280CR3AM-48D6,,,,,,,,114.0,,,,x,,fixed,,7280R3A,23242.38103
7280CR3AM-48D6,,,,24.0,92.0,,,,,,,x,,fixed,,7280R3A,23242.38103
7280CR3AM-48D6,,,,24.0,,48.0,,,,,,x,,fixed,,7280R3A,23242.38103
7280CR3AM-48D6,,,,24.0,,,92.0,,,,,x,,fixed,,7280R3A,23242.38103
7280CR3AM-48D6,,,,24.0,,,,92.0,,,,x,,fixed,,7280R3A,23242.38103
7280CR3AM-48D6,,,,,114.0,,,,,,,x,,fixed,,7280R3A,23242.38103
7280CR3AM-48D6,,,,,,,114.0,,,,,x,,fixed,,7280R3A,23242.38103
7280CR3AM-48D6,,,,,,,,114.0,,,,x,,fixed,,7280R3A,23242.38103
7280CR3AK-48D6,,6.0,,48.0,,,,,,,,x,,fixed,,7280R3A,23242.38103
7280CR3AK-48D6,,1.0,,68.0,,,,,,,,x,,fixed,,7280R3A,23242.38103
7280CR3AK-48D6,,6.0,,,96.0,,,,,,,x,,fixed,,7280R3A,23242.38103
7280CR3AK-48D6,,2.0,,,114.0,,,,,,,x,,fixed,,7280R3A,23242.38103
7280CR3AK-48D6,,4.0,,,112.0,,,,,,,x,,fixed,,7280R3A,23242.38103
7280CR3AK-48D6,,,,,,54.0,,,,,,x,,fixed,,7280R3A,23242.38103
7280CR3AK-48D6,,6.0,,,,48.0,,,,,,x,,fixed,,7280R3A,23242.38103
7280CR3AK-48D6,,6.0,,,,,108.0,,,,,x,,fixed,,7280R3A,23242.38103
7280CR3AK-48D6,,,,,,,114.0,,,,,x,,fixed,,7280R3A,23242.38103
7280CR3AK-48D6,,6.0,,,,,,108.0,,,,x,,fixed,,7280R3A,23242.38103
7280CR3AK-48D6,,,,,,,,114.0,,,,x,,fixed,,7280R3A,23242.38103
7280CR3AK-48D6,,,,24.0,92.0,,,,,,,x,,fixed,,7280R3A,23242.38103
7280CR3AK-48D6,,,,24.0,,48.0,,,,,,x,,fixed,,7280R3A,23242.38103
7280CR3AK-48D6,,,,24.0,,,92.0,,,,,x,,fixed,,7280R3A,23242.38103
7280CR3AK-48D6,,,,24.0,,,,92.0,,,,x,,fixed,,7280R3A,23242.38103
7280CR3AK-48D6,,,,,114.0,,,,,,,x,,fixed,,7280R3A,23242.38103
7280CR3AK-48D6,,,,,,,114.0,,,,,x,,fixed,,7280R3A,23242.38103
7280CR3AK-48D6,,,,,,,,114.0,,,,x,,fixed,,7280R3A,23242.38103
7280CR3A-72,,,,72.0,,,,,,,,,,fixed,,7280R3A,23242.38103
7280CR3A-72,,,,28.0,88.0,,,,,,,,,fixed,,7280R3A,23242.38103
7280CR3A-72,,,,14.0,102.0,,,,,,,,,fixed,,7280R3A,23242.38103
7280CR3A-72,,,,,,72.0,,,,,,,,fixed,,7280R3A,23242.38103
7280CR3A-72,,,,57.0,,,58.0,,,,,,,fixed,,7280R3A,23242.38103
7280CR3A-72,,,,57.0,,,,58.0,,,,,,fixed,,7280R3A,23242.38103
7280CR3A-72,,,,14.0,,,102.0,,,,,,,fixed,,7280R3A,23242.38103
7280CR3A-72,,,,14.0,,,,102.0,,,,,,fixed,,7280R3A,23242.38103
7280CR3AM-72,,,,72.0,,,,,,,,x,,fixed,,7280R3A,23242.38103
7280CR3AM-72,,,,28.0,88.0,,,,,,,x,,fixed,,7280R3A,23242.38103
7280CR3AM-72,,,,14.0,102.0,,,,,,,x,,fixed,,7280R3A,23242.38103
7280CR3AM-72,,,,,,72.0,,,,,,x,,fixed,,7280R3A,23242.38103
7280CR3AM-72,,,,57.0,,,58.0,,,,,x,,fixed,,7280R3A,23242.38103
7280CR3AM-72,,,,57.0,,,,58.0,,,,x,,fixed,,7280R3A,23242.38103
7280CR3AM-72,,,,14.0,,,102.0,,,,,x,,fixed,,7280R3A,23242.38103
7280CR3AM-72,,,,14.0,,,,102.0,,,,x,,fixed,,7280R3A,23242.38103
7280CR3AK-72,,,,72.0,,,,,,,,x,,fixed,,7280R3A,23242.38103
7280CR3AK-72,,,,28.0,88.0,,,,,,,x,,fixed,,7280R3A,23242.38103
7280CR3AK-72,,,,14.0,102.0,,,,,,,x,,fixed,,7280R3A,23242.38103
7280CR3AK-72,,,,,,72.0,,,,,,x,,fixed,,7280R3A,23242.38103
7280CR3AK-72,,,,57.0,,,58.0,,,,,x,,fixed,,7280R3A,23242.38103
7280CR3AK-72,,,,57.0,,,,58.0,,,,x,,fixed,,7280R3A,23242.38103
7280CR3AK-72,,,,14.0,,,102.0,,,,,x,,fixed,,7280R3A,23242.38103
7280CR3AK-72,,,,14.0,,,,102.0,,,,x,,fixed,,7280R3A,23242.38103
7280CR3A-32S,,2.0,14.0,,,,,,,,,,,fixed,,7280R3A,23242.38103
7280CR3A-32S,,2.0,,28.0,,,,,,,,,,fixed,,7280R3A,23242.38103
7280CR3A-32S,,2.0,,,54.0,,,,,,,,,fixed,,7280R3A,23242.38103
7280CR3A-32S,,2.0,,,,,54.0,,,,,,,fixed,,7280R3A,23242.38103
7280CR3A-32S,,2.0,,,,,,54.0,,,,,,fixed,,7280R3A,23242.38103
7280CR3A-32S,,,18.0,,,,,,,,,,,fixed,,7280R3A,23242.38103
7280CR3A-32S,,,5.0,,50.0,,,,,,,,,fixed,,7280R3A,23242.38103
7280CR3A-32S,,,12.0,,,,43.0,,,,,,,fixed,,7280R3A,23242.38103
7280CR3A-32S,,,12.0,,,,,43.0,,,,,,fixed,,7280R3A,23242.38103
7280CR3A-32S,,,16.0,40.0,,,,,,,,,,fixed,,7280R3A,23242.38103
7280CR3A-32S,,,,36.0,,,,,,,,,,fixed,,7280R3A,23242.38103
7280CR3A-32S,,,,16.0,40.0,,,,,,,,,fixed,,7280R3A,23242.38103
7280CR3A-32S,,,,29.0,,,26.0,,,,,,,fixed,,7280R3A,23242.38103
7280CR3A-32S,,,,29.0,,,,26.0,,,,,,fixed,,7280R3A,23242.38103
7280CR3A-32S,,,,,56.0,,,,,,,,,fixed,,7280R3A,23242.38103
7280CR3A-32S,,,,,,,56.0,,,,,,,fixed,,7280R3A,23242.38103
7280CR3A-32S,,,,,,,,56.0,,,,,,fixed,,7280R3A,23242.38103
7280CR3AM-32S,,2.0,14.0,,,,,,,,,x,,fixed,,7280R3A,23242.38103
7280CR3AM-32S,,2.0,,28.0,,,,,,,,x,,fixed,,7280R3A,23242.38103
7280CR3AM-32S,,2.0,,,54.0,,,,,,,x,,fixed,,7280R3A,23242.38103
7280CR3AM-32S,,2.0,,,,,54.0,,,,,x,,fixed,,7280R3A,23242.38103
7280CR3AM-32S,,2.0,,,,,,54.0,,,,x,,fixed,,7280R3A,23242.38103
7280CR3AM-32S,,,18.0,,,,,,,,,x,,fixed,,7280R3A,23242.38103
7280CR3AM-32S,,,5.0,,50.0,,,,,,,x,,fixed,,7280R3A,23242.38103
7280CR3AM-32S,,,12.0,,,,43.0,,,,,x,,fixed,,7280R3A,23242.38103
7280CR3AM-32S,,,12.0,,,,,43.0,,,,x,,fixed,,7280R3A,23242.38103
7280CR3AM-32S,,,16.0,40.0,,,,,,,,x,,fixed,,7280R3A,23242.38103
7280CR3AM-32S,,,,36.0,,,,,,,,x,,fixed,,7280R3A,23242.38103
7280CR3AM-32S,,,,16.0,40.0,,,,,,,x,,fixed,,7280R3A,23242.38103
7280CR3AM-32S,,,,29.0,,,26.0,,,,,x,,fixed,,7280R3A,23242.38103
7280CR3AM-32S,,,,29.0,,,,26.0,,,,x,,fixed,,7280R3A,23242.38103
7280CR3AM-32S,,,,,56.0,,,,,,,x,,fixed,,7280R3A,23242.38103
7280CR3AM-32S,,,,,,,56.0,,,,,x,,fixed,,7280R3A,23242.38103
7280CR3AM-32S,,,,,,,,56.0,,,,x,,fixed,,7280R3A,23242.38103
7280CR3AK-32S,,2.0,14.0,,,,,,,,,x,,fixed,,7280R3A,23242.38103
7280CR3AK-32S,,2.0,,28.0,,,,,,,,x,,fixed,,7280R3A,23242.38103
7280CR3AK-32S,,2.0,,,54.0,,,,,,,x,,fixed,,7280R3A,23242.38103
7280CR3AK-32S,,2.0,,,,,54.0,,,,,x,,fixed,,7280R3A,23242.38103
7280CR3AK-32S,,2.0,,,,,,54.0,,,,x,,fixed,,7280R3A,23242.38103
7280CR3AK-32S,,,18.0,,,,,,,,,x,,fixed,,7280R3A,23242.38103
7280CR3AK-32S,,,5.0,,50.0,,,,,,,x,,fixed,,7280R3A,23242.38103
7280CR3AK-32S,,,12.0,,,,43.0,,,,,x,,fixed,,7280R3A,23242.38103
7280CR3AK-32S,,,12.0,,,,,43.0,,,,x,,fixed,,7280R3A,23242.38103
7280CR3AK-32S,,,16.0,40.0,,,,,,,,x,,fixed,,7280R3A,23242.38103
7280CR3AK-32S,,,,36.0,,,,,,,,x,,fixed,,7280R3A,23242.38103
7280CR3AK-32S,,,,16.0,40.0,,,,,,,x,,fixed,,7280R3A,23242.38103
7280CR3AK-32S,,,,29.0,,,26.0,,,,,x,,fixed,,7280R3A,23242.38103
7280CR3AK-32S,,,,29.0,,,,26.0,,,,x,,fixed,,7280R3A,23242.38103
7280CR3AK-32S,,,,,56.0,,,,,,,x,,fixed,,7280R3A,23242.38103
7280CR3AK-32S,,,,,,,56.0,,,,,x,,fixed,,7280R3A,23242.38103
7280CR3AK-32S,,,,,,,,56.0,,,,x,,fixed,,7280R3A,23242.38103
7280SR3A-48YC8,,,6.0,,48.0,,,,,,,,,fixed,,7280R3A,11225.33011
7280SR3A-48YC8,,,6.0,,,,48.0,,,,,,,fixed,,7280R3A,11225.33011
7280SR3A-48YC8,,,6.0,,,,,48.0,,,,,,fixed,,7280R3A,11225.33011
7280SR3A-48YC8,,,4.0,4.0,48.0,,,,,,,,,fixed,,7280R3A,11225.33011
7280SR3A-48YC8,,,4.0,4.0,,,48.0,,,,,,,fixed,,7280R3A,11225.33011
7280SR3A-48YC8,,,4.0,4.0,,,,48.0,,,,,,fixed,,7280R3A,11225.33011
7280SR3A-48YC8,,,2.0,8.0,48.0,,,,,,,,,fixed,,7280R3A,11225.33011
7280SR3A-48YC8,,,2.0,8.0,,,48.0,,,,,,,fixed,,7280R3A,11225.33011
7280SR3A-48YC8,,,2.0,8.0,,,,48.0,,,,,,fixed,,7280R3A,11225.33011
7280SR3A-48YC8,,,,,48.0,8.0,,,,,,,,fixed,,7280R3A,11225.33011
7280SR3A-48YC8,,,,,,8.0,48.0,,,,,,,fixed,,7280R3A,11225.33011
7280SR3A-48YC8,,,,,,8.0,,48.0,,,,,,fixed,,7280R3A,11225.33011
7280SR3AM-48YC8,,,6.0,,48.0,,,,,,,x,,fixed,,7280R3A,11225.33011
7280SR3AM-48YC8,,,6.0,,,,48.0,,,,,x,,fixed,,7280R3A,11225.33011
7280SR3AM-48YC8,,,6.0,,,,,48.0,,,,x,,fixed,,7280R3A,11225.33011
7280SR3AM-48YC8,,,4.0,4.0,48.0,,,,,,,x,,fixed,,7280R3A,11225.33011
7280SR3AM-48YC8,,,4.0,4.0,,,48.0,,,,,x,,fixed,,7280R3A,11225.33011
7280SR3AM-48YC8,,,4.0,4.0,,,,48.0,,,,x,,fixed,,7280R3A,11225.33011
7280SR3AM-48YC8,,,2.0,8.0,48.0,,,,,,,x,,fixed,,7280R3A,11225.33011
7280SR3AM-48YC8,,,2.0,8.0,,,48.0,,,,,x,,fixed,,7280R3A,11225.33011
7280SR3AM-48YC8,,,2.0,8.0,,,,48.0,,,,x,,fixed,,7280R3A,11225.33011
7280SR3AM-48YC8,,,,,48.0,8.0,,,,,,x,,fixed,,7280R3A,11225.33011
7280SR3AM-48YC8,,,,,,8.0,48.0,,,,,x,,fixed,,7280R3A,11225.33011
7280SR3AM-48YC8,,,,,,8.0,,48.0,,,,x,,fixed,,7280R3A,11225.33011
7280SR3AK-48YC8,,,6.0,,48.0,,,,,,,x,,fixed,,7280R3A,11225.33011
7280SR3AK-48YC8,,,6.0,,,,48.0,,,,,x,,fixed,,7280R3A,11225.33011
7280SR3AK-48YC8,,,6.0,,,,,48.0,,,,x,,fixed,,7280R3A,11225.33011
7280SR3AK-48YC8,,,4.0,4.0,48.0,,,,,,,x,,fixed,,7280R3A,11225.33011
7280SR3AK-48YC8,,,4.0,4.0,,,48.0,,,,,x,,fixed,,7280R3A,11225.33011
7280SR3AK-48YC8,,,4.0,4.0,,,,48.0,,,,x,,fixed,,7280R3A,11225.33011
7280SR3AK-48YC8,,,2.0,8.0,48.0,,,,,,,x,,fixed,,7280R3A,11225.33011
7280SR3AK-48YC8,,,2.0,8.0,,,48.0,,,,,x,,fixed,,7280R3A,11225.33011
7280SR3AK-48YC8,,,2.0,8.0,,,,48.0,,,,x,,fixed,,7280R3A,11225.33011
7280SR3AK-48YC8,,,,,48.0,8.0,,,,,,x,,fixed,,7280R3A,11225.33011
7280SR3AK-48YC8,,,,,,8.0,48.0,,,,,x,,fixed,,7280R3A,11225.33011
7280SR3AK-48YC8,,,,,,8.0,,48.0,,,,x,,fixed,,7280R3A,11225.33011
7280CR3MK-32P4S,,4.0,,32.0,,,,,,,,x,,fixed,,7280R3A,15183.95104
7280CR3MK-32P4S,,4.0,,,64.0,,,,,,,x,,fixed,,7280R3A,15183.95104
7280CR3MK-32P4S,,4.0,,,,32.0,,,,,,x,,fixed,,7280R3A,15183.95104
7280CR3MK-32P4S,,4.0,,12.0,,,80.0,,,,,x,,fixed,,7280R3A,15183.95104
7280CR3MK-32P4S,,4.0,,,36.0,,56.0,,,,,x,,fixed,,7280R3A,15183.95104
7280CR3MK-32P4S,,4.0,,,,12.0,80.0,,,,,x,,fixed,,7280R3A,15183.95104
7280CR3MK-32P4S,,4.0,,12.0,,,,80.0,,,,x,,fixed,,7280R3A,15183.95104
7280CR3MK-32P4S,,4.0,,,36.0,,,56.0,,,,x,,fixed,,7280R3A,15183.95104
7280CR3MK-32P4S,,4.0,,,,12.0,,80.0,,,,x,,fixed,,7280R3A,15183.95104
7280CR3MK-32P4S,,,,48.0,,,,,,,,x,,fixed,,7280R3A,15183.95104
7280CR3MK-32P4S,,,,16.0,64.0,,,,,,,x,,fixed,,7280R3A,15183.95104
7280CR3MK-32P4S,,,,16.0,,32.0,,,,,,x,,fixed,,7280R3A,15183.95104
7280CR3MK-32P4S,,,,32.0,,,64.0,,,,,x,,fixed,,7280R3A,15183.95104
7280CR3MK-32P4S,,,,32.0,,,,64.0,,,,x,,fixed,,7280R3A,15183.95104
7280CR3MK-32P4S,,,,,96.0,,,,,,,x,,fixed,,7280R3A,15183.95104
7280CR3MK-32P4S,,,,,,36.0,,,,,,x,,fixed,,7280R3A,15183.95104
7280CR3MK-32P4S,,,,,,,96.0,,,,,x,,fixed,,7280R3A,15183.95104
7280CR3MK-32P4S,,,,,,,,96.0,,,,x,,fixed,,7280R3A,15183.95104
7280CR3MK-32D4S,,4.0,,32.0,,,,,,,,x,,fixed,,7280R3A,15183.95104
7280CR3MK-32D4S,,4.0,,,64.0,,,,,,,x,,fixed,,7280R3A,15183.95104
7280CR3MK-32D4S,,4.0,,,,32.0,,,,,,x,,fixed,,7280R3A,15183.95104
7280CR3MK-32D4S,,4.0,,12.0,,,80.0,,,,,x,,fixed,,7280R3A,15183.95104
7280CR3MK-32D4S,,4.0,,,36.0,,56.0,,,,,x,,fixed,,7280R3A,15183.95104
7280CR3MK-32D4S,,4.0,,,,12.0,80.0,,,,,x,,fixed,,7280R3A,15183.95104
7280CR3MK-32D4S,,4.0,,12.0,,,,80.0,,,,x,,fixed,,7280R3A,15183.95104
7280CR3MK-32D4S,,4.0,,,36.0,,,56.0,,,,x,,fixed,,7280R3A,15183.95104
7280CR3MK-32D4S,,4.0,,,,12.0,,80.0,,,,x,,fixed,,7280R3A,15183.95104
7280CR3MK-32D4S,,,,48.0,,,,,,,,x,,fixed,,7280R3A,15183.95104
7280CR3MK-32D4S,,,,16.0,64.0,,,,,,,x,,fixed,,7280R3A,15183.95104
7280CR3MK-32D4S,,,,16.0,,32.0,,,,,,x,,fixed,,7280R3A,15183.95104
7280CR3MK-32D4S,,,,32.0,,,64.0,,,,,x,,fixed,,7280R3A,15183.95104
7280CR3MK-32D4S,,,,32.0,,,,64.0,,,,x,,fixed,,7280R3A,15183.95104
7280CR3MK-32D4S,,,,,96.0,,,,,,,x,,fixed,,7280R3A,15183.95104
7280CR3MK-32D4S,,,,,,36.0,,,,,,x,,fixed,,7280R3A,15183.95104
7280CR3MK-32D4S,,,,,,,96.0,,,,,x,,fixed,,7280R3A,15183.95104
7280CR3MK-32D4S,,,,,,,,96.0,,,,x,,fixed,,7280R3A,15183.95104
7280CR3MK-32D4A,,4.0,,32.0,,,,,,,,x,,fixed,,7280R3A,15183.95104
7280CR3MK-32D4A,,4.0,,,64.0,,,,,,,x,,fixed,,7280R3A,15183.95104
7280CR3MK-32D4A,,4.0,,,,32.0,,,,,,x,,fixed,,7280R3A,15183.95104
7280CR3MK-32D4A,,4.0,,12.0,,,80.0,,,,,x,,fixed,,7280R3A,15183.95104
7280CR3MK-32D4A,,4.0,,,36.0,,56.0,,,,,x,,fixed,,7280R3A,15183.95104
7280CR3MK-32D4A,,4.0,,,,12.0,80.0,,,,,x,,fixed,,7280R3A,15183.95104
7280CR3MK-32D4A,,4.0,,12.0,,,,80.0,,,,x,,fixed,,7280R3A,15183.95104
7280CR3MK-32D4A,,4.0,,,36.0,,,56.0,,,,x,,fixed,,7280R3A,15183.95104
7280CR3MK-32D4A,,4.0,,,,12.0,,80.0,,,,x,,fixed,,7280R3A,15183.95104
7280CR3MK-32D4A,,,,48.0,,,,,,,,x,,fixed,,7280R3A,15183.95104
7280CR3MK-32D4A,,,,16.0,64.0,,,,,,,x,,fixed,,7280R3A,15183.95104
7280CR3MK-32D4A,,,,16.0,,32.0,,,,,,x,,fixed,,7280R3A,15183.95104
7280CR3MK-32D4A,,,,32.0,,,64.0,,,,,x,,fixed,,7280R3A,15183.95104
7280CR3MK-32D4A,,,,32.0,,,,64.0,,,,x,,fixed,,7280R3A,15183.95104
7280CR3MK-32D4A,,,,,96.0,,,,,,,x,,fixed,,7280R3A,15183.95104
7280CR3MK-32D4A,,,,,,36.0,,,,,,x,,fixed,,7280R3A,15183.95104
7280CR3MK-32D4A,,,,,,,96.0,,,,,x,,fixed,,7280R3A,15183.95104
7280CR3MK-32D4A,,,,,,,,96.0,,,,x,,fixed,,7280R3A,15183.95104
7280SR3M-48YC8,,,,8.0,,,48.0,,,,,x,,fixed,,7280R3A,6055.681021
7280SR3M-48YC8,,,,8.0,,,,48.0,,,,x,,fixed,,7280R3A,6055.681021
7280SR3M-48YC8,,,,8.0,,,,,48.0,,,x,,fixed,,7280R3A,6055.681021
7280SR3M-48YC8,,,,,16.0,,48.0,,,,,x,,fixed,,7280R3A,6055.681021
7280SR3M-48YC8,,,,,16.0,,,48.0,,,,x,,fixed,,7280R3A,6055.681021
7280SR3M-48YC8,,,,,16.0,,,,48.0,,,x,,fixed,,7280R3A,6055.681021
7280SR3M-48YC8,,,,,,8.0,48.0,,,,,x,,fixed,,7280R3A,6055.681021
7280SR3M-48YC8,,,,,,8.0,,48.0,,,,x,,fixed,,7280R3A,6055.681021
7280SR3M-48YC8,,,,,,8.0,,,48.0,,,x,,fixed,,7280R3A,6055.681021
7280SR3M-48YC8,,,,,,,80.0,,,,,x,,fixed,,7280R3A,6055.681021
7280SR3M-48YC8,,,,,,,,80.0,,,,x,,fixed,,7280R3A,6055.681021
7280SR3M-48YC8,,,,,,,,,80.0,,,x,,fixed,,7280R3A,6055.681021
7280SR3MK-48YC8A,,,,8.0,,,48.0,,,,,,,fixed,,7280R3A,6055.681021
7280SR3MK-48YC8A,,,,8.0,,,,48.0,,,,,,fixed,,7280R3A,6055.681021
7280SR3MK-48YC8A,,,,8.0,,,,,48.0,,,,,fixed,,7280R3A,6055.681021
7280SR3MK-48YC8A,,,,,16.0,,48.0,,,,,,,fixed,,7280R3A,6055.681021
7280SR3MK-48YC8A,,,,,16.0,,,48.0,,,,,,fixed,,7280R3A,6055.681021
7280SR3MK-48YC8A,,,,,16.0,,,,48.0,,,,,fixed,,7280R3A,6055.681021
7280SR3MK-48YC8A,,,,,,8.0,48.0,,,,,,,fixed,,7280R3A,6055.681021
7280SR3MK-48YC8A,,,,,,8.0,,48.0,,,,,,fixed,,7280R3A,6055.681021
7280SR3MK-48YC8A,,,,,,8.0,,,48.0,,,,,fixed,,7280R3A,6055.681021
7280SR3MK-48YC8A,,,,,,,80.0,,,,,,,fixed,,7280R3A,6055.681021
7280SR3MK-48YC8A,,,,,,,,80.0,,,,,,fixed,,7280R3A,6055.681021
7280SR3MK-48YC8A,,,,,,,,,80.0,,,,,fixed,,7280R3A,6055.681021
7280PR3-24,,24.0,,,,,,,,,,,,fixed,,7280R3A,31438.82383
7280PR3-24,,,,96.0,,,,,,,,,,fixed,,7280R3A,31438.82383
7280PR3-24,,,,,192.0,,,,,,,,,fixed,,7280R3A,31438.82383
7280PR3-24,,,,,,24.0,,,,,,,,fixed,,7280R3A,31438.82383
7280PR3-24,,,,,,,192.0,,,,,,,fixed,,7280R3A,31438.82383
7280PR3-24,,,,,,,,192.0,,,,,,fixed,,7280R3A,31438.82383
7280PR3K-24,,24.0,,,,,,,,,,,,fixed,,7280R3A,31438.82383
7280PR3K-24,,,,96.0,,,,,,,,,,fixed,,7280R3A,31438.82383
7280PR3K-24,,,,,192.0,,,,,,,,,fixed,,7280R3A,31438.82383
7280PR3K-24,,,,,,24.0,,,,,,,,fixed,,7280R3A,31438.82383
7280PR3K-24,,,,,,,192.0,,,,,,,fixed,,7280R3A,31438.82383
7280PR3K-24,,,,,,,,192.0,,,,,,fixed,,7280R3A,31438.82383
7280DR3-24,,24.0,,,,,,,,,,,,fixed,,7280R3A,31438.82383
7280DR3-24,,,,96.0,,,,,,,,,,fixed,,7280R3A,31438.82383
7280DR3-24,,,,,192.0,,,,,,,,,fixed,,7280R3A,31438.82383
7280DR3-24,,,,,,24.0,,,,,,,,fixed,,7280R3A,31438.82383
7280DR3-24,,,,,,,192.0,,,,,,,fixed,,7280R3A,31438.82383
7280DR3-24,,,,,,,,192.0,,,,,,fixed,,7280R3A,31438.82383
7280DR3K-24,,24.0,,,,,,,,,,,,fixed,,7280R3A,31438.82383
7280DR3K-24,,,,96.0,,,,,,,,,,fixed,,7280R3A,31438.82383
7280DR3K-24,,,,,192.0,,,,,,,,,fixed,,7280R3A,31438.82383
7280DR3K-24,,,,,,24.0,,,,,,,,fixed,,7280R3A,31438.82383
7280DR3K-24,,,,,,,192.0,,,,,,,fixed,,7280R3A,31438.82383
7280DR3K-24,,,,,,,,192.0,,,,,,fixed,,7280R3A,31438.82383
7280CR3-32P4,,4.0,,32.0,,,,,,,,,,fixed,,7280R3A,15183.95104
7280CR3-32P4,,4.0,,,64.0,,,,,,,,,fixed,,7280R3A,15183.95104
7280CR3-32P4,,4.0,,,,32.0,,,,,,,,fixed,,7280R3A,15183.95104
7280CR3-32P4,,4.0,,,,,64.0,,,,,,,fixed,,7280R3A,15183.95104
7280CR3-32P4,,4.0,,,,,,64.0,,,,,,fixed,,7280R3A,15183.95104
7280CR3-32P4,,,,48.0,,,,,,,,,,fixed,,7280R3A,15183.95104
7280CR3-32P4,,,,16.0,64.0,,,,,,,,,fixed,,7280R3A,15183.95104
7280CR3-32P4,,,,16.0,,32.0,,,,,,,,fixed,,7280R3A,15183.95104
7280CR3-32P4,,,,16.0,,,64.0,,,,,,,fixed,,7280R3A,15183.95104
7280CR3-32P4,,,,16.0,,,,64.0,,,,,,fixed,,7280R3A,15183.95104
7280CR3-32P4,,,,,96.0,,,,,,,,,fixed,,7280R3A,15183.95104
7280CR3-32P4,,,,,32.0,32.0,,,,,,,,fixed,,7280R3A,15183.95104
7280CR3-32P4,,,,,32.0,,64.0,,,,,,,fixed,,7280R3A,15183.95104
7280CR3-32P4,,,,,32.0,,,64.0,,,,,,fixed,,7280R3A,15183.95104
7280CR3-32P4,,,,,,36.0,,,,,,,,fixed,,7280R3A,15183.95104
7280CR3-32P4,,,,,,4.0,64.0,,,,,,,fixed,,7280R3A,15183.95104
7280CR3-32P4,,,,,,4.0,,64.0,,,,,,fixed,,7280R3A,15183.95104
7280CR3-32P4,,,,,,,96.0,,,,,,,fixed,,7280R3A,15183.95104
7280CR3-32P4,,,,,,,,96.0,,,,,,fixed,,7280R3A,15183.95104
7280CR3K-32P4,4.0,,32.0,,,,,,,,,,,fixed,,7280R3A,31438.82383
7280CR3K-32P4,4.0,,,64.0,,,,,,,,,,fixed,,7280R3A,31438.82383
7280CR3K-32P4,4.0,,,,32.0,,,,,,,,,fixed,,7280R3A,31438.82383
7280CR3K-32P4,4.0,,,,,64.0,,,,,,,,fixed,,7280R3A,31438.82383
7280CR3K-32P4,4.0,,,,,,64.0,,,,,,,fixed,,7280R3A,31438.82383
7280CR3K-32P4,,,48.0,,,,,,,,,,,fixed,,7280R3A,31438.82383
7280CR3K-32P4,,,16.0,64.0,,,,,,,,,,fixed,,7280R3A,31438.82383
7280CR3K-32P4,,,16.0,,32.0,,,,,,,,,fixed,,7280R3A,31438.82383
7280CR3K-32P4,,,16.0,,,64.0,,,,,,,,fixed,,7280R3A,31438.82383
7280CR3K-32P4,,,16.0,,,,64.0,,,,,,,fixed,,7280R3A,31438.82383
7280CR3K-32P4,,,,96.0,,,,,,,,,,fixed,,7280R3A,31438.82383
7280CR3K-32P4,,,,32.0,32.0,,,,,,,,,fixed,,7280R3A,31438.82383
7280CR3K-32P4,,,,32.0,,64.0,,,,,,,,fixed,,7280R3A,31438.82383
7280CR3K-32P4,,,,32.0,,,64.0,,,,,,,fixed,,7280R3A,31438.82383
7280CR3K-32P4,,,,,36.0,,,,,,,,,fixed,,7280R3A,31438.82383
7280CR3K-32P4,,,,,4.0,64.0,,,,,,,,fixed,,7280R3A,31438.82383
7280CR3K-32P4,,,,,4.0,,64.0,,,,,,,fixed,,7280R3A,31438.82383
7280CR3K-32P4,,,,,,96.0,,,,,,,,fixed,,7280R3A,31438.82383
7280CR3K-32P4,,,,,,,96.0,,,,,,,fixed,,7280R3A,31438.82383
7280CR3K-32P4A,4.0,,32.0,,,,,,,,,,,fixed,,7280R3A,31438.82383
7280CR3K-32P4A,4.0,,,64.0,,,,,,,,,,fixed,,7280R3A,31438.82383
7280CR3K-32P4A,4.0,,,,32.0,,,,,,,,,fixed,,7280R3A,31438.82383
7280CR3K-32P4A,4.0,,,,,64.0,,,,,,,,fixed,,7280R3A,31438.82383
7280CR3K-32P4A,4.0,,,,,,64.0,,,,,,,fixed,,7280R3A,31438.82383
7280CR3K-32P4A,,,48.0,,,,,,,,,,,fixed,,7280R3A,31438.82383
7280CR3K-32P4A,,,16.0,64.0,,,,,,,,,,fixed,,7280R3A,31438.82383
7280CR3K-32P4A,,,16.0,,32.0,,,,,,,,,fixed,,7280R3A,31438.82383
7280CR3K-32P4A,,,16.0,,,64.0,,,,,,,,fixed,,7280R3A,31438.82383
7280CR3K-32P4A,,,16.0,,,,64.0,,,,,,,fixed,,7280R3A,31438.82383
7280CR3K-32P4A,,,,96.0,,,,,,,,,,fixed,,7280R3A,31438.82383
7280CR3K-32P4A,,,,32.0,32.0,,,,,,,,,fixed,,7280R3A,31438.82383
7280CR3K-32P4A,,,,32.0,,64.0,,,,,,,,fixed,,7280R3A,31438.82383
7280CR3K-32P4A,,,,32.0,,,64.0,,,,,,,fixed,,7280R3A,31438.82383
7280CR3K-32P4A,,,,,36.0,,,,,,,,,fixed,,7280R3A,31438.82383
7280CR3K-32P4A,,,,,4.0,64.0,,,,,,,,fixed,,7280R3A,31438.82383
7280CR3K-32P4A,,,,,4.0,,64.0,,,,,,,fixed,,7280R3A,31438.82383
7280CR3K-32P4A,,,,,,96.0,,,,,,,,fixed,,7280R3A,31438.82383
7280CR3K-32P4A,,,,,,,96.0,,,,,,,fixed,,7280R3A,31438.82383
7280CR3-32D4,4.0,,32.0,,,,,,,,,,,fixed,,7280R3A,31438.82383
7280CR3-32D4,4.0,,,64.0,,,,,,,,,,fixed,,7280R3A,31438.82383
7280CR3-32D4,4.0,,,,32.0,,,,,,,,,fixed,,7280R3A,31438.82383
7280CR3-32D4,4.0,,,,,64.0,,,,,,,,fixed,,7280R3A,31438.82383
7280CR3-32D4,4.0,,,,,,64.0,,,,,,,fixed,,7280R3A,31438.82383
7280CR3-32D4,,,48.0,,,,,,,,,,,fixed,,7280R3A,31438.82383
7280CR3-32D4,,,16.0,64.0,,,,,,,,,,fixed,,7280R3A,31438.82383
7280CR3-32D4,,,16.0,,32.0,,,,,,,,,fixed,,7280R3A,31438.82383
7280CR3-32D4,,,16.0,,,64.0,,,,,,,,fixed,,7280R3A,31438.82383
7280CR3-32D4,,,16.0,,,,64.0,,,,,,,fixed,,7280R3A,31438.82383
7280CR3-32D4,,,,96.0,,,,,,,,,,fixed,,7280R3A,31438.82383
7280CR3-32D4,,,,32.0,32.0,,,,,,,,,fixed,,7280R3A,31438.82383
7280CR3-32D4,,,,32.0,,64.0,,,,,,,,fixed,,7280R3A,31438.82383
7280CR3-32D4,,,,32.0,,,64.0,,,,,,,fixed,,7280R3A,31438.82383
7280CR3-32D4,,,,,36.0,,,,,,,,,fixed,,7280R3A,31438.82383
7280CR3-32D4,,,,,4.0,64.0,,,,,,,,fixed,,7280R3A,31438.82383
7280CR3-32D4,,,,,4.0,,64.0,,,,,,,fixed,,7280R3A,31438.82383
7280CR3-32D4,,,,,,96.0,,,,,,,,fixed,,7280R3A,31438.82383
7280CR3-32D4,,,,,,,96.0,,,,,,,fixed,,7280R3A,31438.82383
7280CR3K-32D4,4.0,,32.0,,,,,,,,,,,fixed,,7280R3A,31438.82383
7280CR3K-32D4,4.0,,,64.0,,,,,,,,,,fixed,,7280R3A,31438.82383
7280CR3K-32D4,4.0,,,,32.0,,,,,,,,,fixed,,7280R3A,31438.82383
7280CR3K-32D4,4.0,,,,,64.0,,,,,,,,fixed,,7280R3A,31438.82383
7280CR3K-32D4,4.0,,,,,,64.0,,,,,,,fixed,,7280R3A,31438.82383
7280CR3K-32D4,,,48.0,,,,,,,,,,,fixed,,7280R3A,31438.82383
7280CR3K-32D4,,,16.0,64.0,,,,,,,,,,fixed,,7280R3A,31438.82383
7280CR3K-32D4,,,16.0,,32.0,,,,,,,,,fixed,,7280R3A,31438.82383
7280CR3K-32D4,,,16.0,,,64.0,,,,,,,,fixed,,7280R3A,31438.82383
7280CR3K-32D4,,,16.0,,,,64.0,,,,,,,fixed,,7280R3A,31438.82383
7280CR3K-32D4,,,,96.0,,,,,,,,,,fixed,,7280R3A,31438.82383
7280CR3K-32D4,,,,32.0,32.0,,,,,,,,,fixed,,7280R3A,31438.82383
7280CR3K-32D4,,,,32.0,,64.0,,,,,,,,fixed,,7280R3A,31438.82383
7280CR3K-32D4,,,,32.0,,,64.0,,,,,,,fixed,,7280R3A,31438.82383
7280CR3K-32D4,,,,,36.0,,,,,,,,,fixed,,7280R3A,31438.82383
7280CR3K-32D4,,,,,4.0,64.0,,,,,,,,fixed,,7280R3A,31438.82383
7280CR3K-32D4,,,,,4.0,,64.0,,,,,,,fixed,,7280R3A,31438.82383
7280CR3K-32D4,,,,,,96.0,,,,,,,,fixed,,7280R3A,31438.82383
7280CR3K-32D4,,,,,,,96.0,,,,,,,fixed,,7280R3A,31438.82383
7280CR3K-32D4A,4.0,,32.0,,,,,,,,,,,fixed,,7280R3A,31438.82383
7280CR3K-32D4A,4.0,,,64.0,,,,,,,,,,fixed,,7280R3A,31438.82383
7280CR3K-32D4A,4.0,,,,32.0,,,,,,,,,fixed,,7280R3A,31438.82383
7280CR3K-32D4A,4.0,,,,,64.0,,,,,,,,fixed,,7280R3A,31438.82383
7280CR3K-32D4A,4.0,,,,,,64.0,,,,,,,fixed,,7280R3A,31438.82383
7280CR3K-32D4A,,,48.0,,,,,,,,,,,fixed,,7280R3A,31438.82383
7280CR3K-32D4A,,,16.0,64.0,,,,,,,,,,fixed,,7280R3A,31438.82383
7280CR3K-32D4A,,,16.0,,32.0,,,,,,,,,fixed,,7280R3A,31438.82383
7280CR3K-32D4A,,,16.0,,,64.0,,,,,,,,fixed,,7280R3A,31438.82383
7280CR3K-32D4A,,,16.0,,,,64.0,,,,,,,fixed,,7280R3A,31438.82383
7280CR3K-32D4A,,,,96.0,,,,,,,,,,fixed,,7280R3A,31438.82383
7280CR3K-32D4A,,,,32.0,32.0,,,,,,,,,fixed,,7280R3A,31438.82383
7280CR3K-32D4A,,,,32.0,,64.0,,,,,,,,fixed,,7280R3A,31438.82383
7280CR3K-32D4A,,,,32.0,,,64.0,,,,,,,fixed,,7280R3A,31438.82383
7280CR3K-32D4A,,,,,36.0,,,,,,,,,fixed,,7280R3A,31438.82383
7280CR3K-32D4A,,,,,4.0,64.0,,,,,,,,fixed,,7280R3A,31438.82383
7280CR3K-32D4A,,,,,4.0,,64.0,,,,,,,fixed,,7280R3A,31438.82383
7280CR3K-32D4A,,,,,,96.0,,,,,,,,fixed,,7280R3A,31438.82383
7280CR3K-32D4A,,,,,,,96.0,,,,,,,fixed,,7280R3A,31438.82383
7280CR3-36S,,2.0,6.0,28.0,,,,,,,,,,fixed,,7280R3A,15183.95104
7280CR3-36S,,2.0,6.0,,56.0,,,,,,,,,fixed,,7280R3A,15183.95104
7280CR3-36S,,2.0,6.0,,,28.0,,,,,,,,fixed,,7280R3A,15183.95104
7280CR3-36S,,2.0,6.0,,,,112.0,,,,,,,fixed,,7280R3A,15183.95104
7280CR3-36S,,2.0,6.0,,,,,112.0,,,,,,fixed,,7280R3A,15183.95104
7280CR3-36S,,2.0,6.0,4.0,,,,,24.0,,,,,fixed,,7280R3A,15183.95104
7280CR3-36S,,2.0,6.0,,8.0,,,,24.0,,,,,fixed,,7280R3A,15183.95104
7280CR3-36S,,2.0,6.0,,,4.0,,,24.0,,,,,fixed,,7280R3A,15183.95104
7280CR3-36S,,2.0,6.0,,,,16.0,,24.0,,,,,fixed,,7280R3A,15183.95104
7280CR3-36S,,2.0,6.0,,,,,16.0,24.0,,,,,fixed,,7280R3A,15183.95104
7280CR3-36S,,2.0,,40.0,,,,,,,,,,fixed,,7280R3A,15183.95104
7280CR3-36S,,2.0,,12.0,56.0,,,,,,,,,fixed,,7280R3A,15183.95104
7280CR3-36S,,2.0,,12.0,,28.0,,,,,,,,fixed,,7280R3A,15183.95104
7280CR3-36S,,2.0,,12.0,,,106.0,,,,,,,fixed,,7280R3A,15183.95104
7280CR3-36S,,2.0,,12.0,,,,106.0,,,,,,fixed,,7280R3A,15183.95104
7280CR3-36S,,2.0,,16.0,,,,,24.0,,,,,fixed,,7280R3A,15183.95104
7280CR3-36S,,2.0,,12.0,8.0,,,,24.0,,,,,fixed,,7280R3A,15183.95104
7280CR3-36S,,2.0,,12.0,,4.0,,,24.0,,,,,fixed,,7280R3A,15183.95104
7280CR3-36S,,2.0,,12.0,,,16.0,,24.0,,,,,fixed,,7280R3A,15183.95104
7280CR3-36S,,2.0,,12.0,,,,16.0,24.0,,,,,fixed,,7280R3A,15183.95104
7280CR3-36S,,2.0,,,80.0,,,,,,,,,fixed,,7280R3A,15183.95104
7280CR3-36S,,2.0,,,24.0,28.0,,,,,,,,fixed,,7280R3A,15183.95104
7280CR3-36S,,2.0,,,24.0,,94.0,,,,,,,fixed,,7280R3A,15183.95104
7280CR3-36S,,2.0,,,24.0,,,94.0,,,,,,fixed,,7280R3A,15183.95104
7280CR3-36S,,2.0,,,,34.0,,,,,,,,fixed,,7280R3A,15183.95104
7280CR3-36S,,2.0,,,,6.0,112.0,,,,,,,fixed,,7280R3A,15183.95104
7280CR3-36S,,2.0,,,,6.0,,112.0,,,,,,fixed,,7280R3A,15183.95104
7280CR3-36S,,2.0,,,,,120.0,,,,,,,fixed,,7280R3A,15183.95104
7280CR3-36S,,2.0,,,,,,120.0,,,,,,fixed,,7280R3A,15183.95104
7280CR3-36S,,2.0,,,32.0,,,,24.0,,,,,fixed,,7280R3A,15183.95104
7280CR3-36S,,2.0,,,24.0,4.0,,,24.0,,,,,fixed,,7280R3A,15183.95104
7280CR3-36S,,2.0,,,24.0,,16.0,,24.0,,,,,fixed,,7280R3A,15183.95104
7280CR3-36S,,2.0,,,24.0,,,16.0,24.0,,,,,fixed,,7280R3A,15183.95104
7280CR3-36S,,2.0,,,,10.0,,,24.0,,,,,fixed,,7280R3A,15183.95104
7280CR3-36S,,2.0,,,,6.0,16.0,,24.0,,,,,fixed,,7280R3A,15183.95104
7280CR3-36S,,2.0,,,,6.0,,16.0,24.0,,,,,fixed,,7280R3A,15183.95104
7280CR3-36S,,2.0,,,,,118.0,,,,,,,fixed,,7280R3A,15183.95104
7280CR3-36S,,2.0,,,,,,118.0,,,,,,fixed,,7280R3A,15183.95104
7280CR3-36S,,2.0,,,,,16.0,,24.0,,,,,fixed,,7280R3A,15183.95104
7280CR3-36S,,2.0,,,,,,16.0,24.0,,,,,fixed,,7280R3A,15183.95104
7280CR3K-36S,,2.0,6.0,28.0,,,,,,,,,,fixed,,7280R3A,15183.95104
7280CR3K-36S,,2.0,6.0,,56.0,,,,,,,,,fixed,,7280R3A,15183.95104
7280CR3K-36S,,2.0,6.0,,,28.0,,,,,,,,fixed,,7280R3A,15183.95104
7280CR3K-36S,,2.0,6.0,,,,112.0,,,,,,,fixed,,7280R3A,15183.95104
7280CR3K-36S,,2.0,6.0,,,,,112.0,,,,,,fixed,,7280R3A,15183.95104
7280CR3K-36S,,2.0,6.0,4.0,,,,,24.0,,,,,fixed,,7280R3A,15183.95104
7280CR3K-36S,,2.0,6.0,,8.0,,,,24.0,,,,,fixed,,7280R3A,15183.95104
7280CR3K-36S,,2.0,6.0,,,4.0,,,24.0,,,,,fixed,,7280R3A,15183.95104
7280CR3K-36S,,2.0,6.0,,,,16.0,,24.0,,,,,fixed,,7280R3A,15183.95104
7280CR3K-36S,,2.0,6.0,,,,,16.0,24.0,,,,,fixed,,7280R3A,15183.95104
7280CR3K-36S,,2.0,,40.0,,,,,,,,,,fixed,,7280R3A,15183.95104
7280CR3K-36S,,2.0,,12.0,56.0,,,,,,,,,fixed,,7280R3A,15183.95104
7280CR3K-36S,,2.0,,12.0,,28.0,,,,,,,,fixed,,7280R3A,15183.95104
7280CR3K-36S,,2.0,,12.0,,,106.0,,,,,,,fixed,,7280R3A,15183.95104
7280CR3K-36S,,2.0,,12.0,,,,106.0,,,,,,fixed,,7280R3A,15183.95104
7280CR3K-36S,,2.0,,16.0,,,,,24.0,,,,,fixed,,7280R3A,15183.95104
7280CR3K-36S,,2.0,,12.0,8.0,,,,24.0,,,,,fixed,,7280R3A,15183.95104
7280CR3K-36S,,2.0,,12.0,,4.0,,,24.0,,,,,fixed,,7280R3A,15183.95104
7280CR3K-36S,,2.0,,12.0,,,16.0,,24.0,,,,,fixed,,7280R3A,15183.95104
7280CR3K-36S,,2.0,,12.0,,,,16.0,24.0,,,,,fixed,,7280R3A,15183.95104
7280CR3K-36S,,2.0,,,80.0,,,,,,,,,fixed,,7280R3A,15183.95104
7280CR3K-36S,,2.0,,,24.0,28.0,,,,,,,,fixed,,7280R3A,15183.95104
7280CR3K-36S,,2.0,,,24.0,,94.0,,,,,,,fixed,,7280R3A,15183.95104
7280CR3K-36S,,2.0,,,24.0,,,94.0,,,,,,fixed,,7280R3A,15183.95104
7280CR3K-36S,,2.0,,,,34.0,,,,,,,,fixed,,7280R3A,15183.95104
7280CR3K-36S,,2.0,,,,6.0,112.0,,,,,,,fixed,,7280R3A,15183.95104
7280CR3K-36S,,2.0,,,,6.0,,112.0,,,,,,fixed,,7280R3A,15183.95104
7280CR3K-36S,,2.0,,,,,120.0,,,,,,,fixed,,7280R3A,15183.95104
7280CR3K-36S,,2.0,,,,,,120.0,,,,,,fixed,,7280R3A,15183.95104
7280CR3K-36S,,2.0,,,32.0,,,,24.0,,,,,fixed,,7280R3A,15183.95104
7280CR3K-36S,,2.0,,,24.0,4.0,,,24.0,,,,,fixed,,7280R3A,15183.95104
7280CR3K-36S,,2.0,,,24.0,,16.0,,24.0,,,,,fixed,,7280R3A,15183.95104
7280CR3K-36S,,2.0,,,24.0,,,16.0,24.0,,,,,fixed,,7280R3A,15183.95104
7280CR3K-36S,,2.0,,,,10.0,,,24.0,,,,,fixed,,7280R3A,15183.95104
7280CR3K-36S,,2.0,,,,6.0,16.0,,24.0,,,,,fixed,,7280R3A,15183.95104
7280CR3K-36S,,2.0,,,,6.0,,16.0,24.0,,,,,fixed,,7280R3A,15183.95104
7280CR3K-36S,,2.0,,,,,118.0,,,,,,,fixed,,7280R3A,15183.95104
7280CR3K-36S,,2.0,,,,,,118.0,,,,,,fixed,,7280R3A,15183.95104
7280CR3K-36S,,2.0,,,,,16.0,,24.0,,,,,fixed,,7280R3A,15183.95104
7280CR3K-36S,,2.0,,,,,,16.0,24.0,,,,,fixed,,7280R3A,15183.95104
7280CR3K-36A,,2.0,6.0,28.0,,,,,,,,,,fixed,,7280R3A,15183.95104
7280CR3K-36A,,2.0,6.0,,56.0,,,,,,,,,fixed,,7280R3A,15183.95104
7280CR3K-36A,,2.0,6.0,,,28.0,,,,,,,,fixed,,7280R3A,15183.95104
7280CR3K-36A,,2.0,6.0,,,,112.0,,,,,,,fixed,,7280R3A,15183.95104
7280CR3K-36A,,2.0,6.0,,,,,112.0,,,,,,fixed,,7280R3A,15183.95104
7280CR3K-36A,,2.0,6.0,4.0,,,,,24.0,,,,,fixed,,7280R3A,15183.95104
7280CR3K-36A,,2.0,6.0,,8.0,,,,24.0,,,,,fixed,,7280R3A,15183.95104
7280CR3K-36A,,2.0,6.0,,,4.0,,,24.0,,,,,fixed,,7280R3A,15183.95104
7280CR3K-36A,,2.0,6.0,,,,16.0,,24.0,,,,,fixed,,7280R3A,15183.95104
7280CR3K-36A,,2.0,6.0,,,,,16.0,24.0,,,,,fixed,,7280R3A,15183.95104
7280CR3K-36A,,2.0,,40.0,,,,,,,,,,fixed,,7280R3A,15183.95104
7280CR3K-36A,,2.0,,12.0,56.0,,,,,,,,,fixed,,7280R3A,15183.95104
7280CR3K-36A,,2.0,,12.0,,28.0,,,,,,,,fixed,,7280R3A,15183.95104
7280CR3K-36A,,2.0,,12.0,,,106.0,,,,,,,fixed,,7280R3A,15183.95104
7280CR3K-36A,,2.0,,12.0,,,,106.0,,,,,,fixed,,7280R3A,15183.95104
7280CR3K-36A,,2.0,,16.0,,,,,24.0,,,,,fixed,,7280R3A,15183.95104
7280CR3K-36A,,2.0,,12.0,8.0,,,,24.0,,,,,fixed,,7280R3A,15183.95104
7280CR3K-36A,,2.0,,12.0,,4.0,,,24.0,,,,,fixed,,7280R3A,15183.95104
7280CR3K-36A,,2.0,,12.0,,,16.0,,24.0,,,,,fixed,,7280R3A,15183.95104
7280CR3K-36A,,2.0,,12.0,,,,16.0,24.0,,,,,fixed,,7280R3A,15183.95104
7280CR3K-36A,,2.0,,,80.0,,,,,,,,,fixed,,7280R3A,15183.95104
7280CR3K-36A,,2.0,,,24.0,28.0,,,,,,,,fixed,,7280R3A,15183.95104
7280CR3K-36A,,2.0,,,24.0,,94.0,,,,,,,fixed,,7280R3A,15183.95104
7280CR3K-36A,,2.0,,,24.0,,,94.0,,,,,,fixed,,7280R3A,15183.95104
7280CR3K-36A,,2.0,,,,34.0,,,,,,,,fixed,,7280R3A,15183.95104
7280CR3K-36A,,2.0,,,,6.0,112.0,,,,,,,fixed,,7280R3A,15183.95104
7280CR3K-36A,,2.0,,,,6.0,,112.0,,,,,,fixed,,7280R3A,15183.95104
7280CR3K-36A,,2.0,,,,,120.0,,,,,,,fixed,,7280R3A,15183.95104
7280CR3K-36A,,2.0,,,,,,120.0,,,,,,fixed,,7280R3A,15183.95104
7280CR3K-36A,,2.0,,,32.0,,,,24.0,,,,,fixed,,7280R3A,15183.95104
7280CR3K-36A,,2.0,,,24.0,4.0,,,24.0,,,,,fixed,,7280R3A,15183.95104
7280CR3K-36A,,2.0,,,24.0,,16.0,,24.0,,,,,fixed,,7280R3A,15183.95104
7280CR3K-36A,,2.0,,,24.0,,,16.0,24.0,,,,,fixed,,7280R3A,15183.95104
7280CR3K-36A,,2.0,,,,10.0,,,24.0,,,,,fixed,,7280R3A,15183.95104
7280CR3K-36A,,2.0,,,,6.0,16.0,,24.0,,,,,fixed,,7280R3A,15183.95104
7280CR3K-36A,,2.0,,,,6.0,,16.0,24.0,,,,,fixed,,7280R3A,15183.95104
7280CR3K-36A,,2.0,,,,,118.0,,,,,,,fixed,,7280R3A,15183.95104
7280CR3K-36A,,2.0,,,,,,118.0,,,,,,fixed,,7280R3A,15183.95104
7280CR3K-36A,,2.0,,,,,16.0,,24.0,,,,,fixed,,7280R3A,15183.95104
7280CR3K-36A,,2.0,,,,,,16.0,24.0,,,,,fixed,,7280R3A,15183.95104
7280CR3-96,,,,96.0,,,,,,,,,,fixed,,7280R3A,31438.82383
7280CR3-96,,,,,192.0,,,,,,,,,fixed,,7280R3A,31438.82383
7280CR3-96,,,,,,96.0,,,,,,,,fixed,,7280R3A,31438.82383
7280CR3-96,,,,,,,192.0,,,,,,,fixed,,7280R3A,31438.82383
7280CR3K-96,,,,96.0,,,,,,,,,,fixed,,7280R3A,31438.82383
7280CR3K-96,,,,,192.0,,,,,,,,,fixed,,7280R3A,31438.82383
7280CR3K-96,,,,,,96.0,,,,,,,,fixed,,7280R3A,31438.82383
7280CR3K-96,,,,,,,192.0,,,,,,,fixed,,7280R3A,31438.82383
7280SR3-48YC8,,,,8.0,,,48.0,,,,,,,fixed,,7280R3A,15183.95104
7280SR3-48YC8,,,,8.0,,,,48.0,,,,,,fixed,,7280R3A,15183.95104
7280SR3-48YC8,,,,8.0,,,,,48.0,,,,,fixed,,7280R3A,15183.95104
7280SR3-48YC8,,,,,16.0,,48.0,,,,,,,fixed,,7280R3A,15183.95104
7280SR3-48YC8,,,,,16.0,,,48.0,,,,,,fixed,,7280R3A,15183.95104
7280SR3-48YC8,,,,,16.0,,,,48.0,,,,,fixed,,7280R3A,15183.95104
7280SR3-48YC8,,,,,,8.0,48.0,,,,,,,fixed,,7280R3A,15183.95104
7280SR3-48YC8,,,,,,8.0,,48.0,,,,,,fixed,,7280R3A,15183.95104
7280SR3-48YC8,,,,,,8.0,,,48.0,,,,,fixed,,7280R3A,15183.95104
7280SR3-48YC8,,,,,,,80.0,,,,,,,fixed,,7280R3A,15183.95104
7280SR3-48YC8,,,,,,,,80.0,,,,,,fixed,,7280R3A,15183.95104
7280SR3-48YC8,,,,,,,32.0,,48.0,,,,,fixed,,7280R3A,15183.95104
7280SR3-48YC8,,,,,,,,32.0,48.0,,,,,fixed,,7280R3A,15183.95104
7280SR3K-48YC8,,,,8.0,,,48.0,,,,,,,fixed,,7280R3A,6055.681021
7280SR3K-48YC8,,,,8.0,,,,48.0,,,,,,fixed,,7280R3A,6055.681021
7280SR3K-48YC8,,,,8.0,,,,,48.0,,,,,fixed,,7280R3A,6055.681021
7280SR3K-48YC8,,,,,16.0,,48.0,,,,,,,fixed,,7280R3A,6055.681021
7280SR3K-48YC8,,,,,16.0,,,48.0,,,,,,fixed,,7280R3A,6055.681021
7280SR3K-48YC8,,,,,16.0,,,,48.0,,,,,fixed,,7280R3A,6055.681021
7280SR3K-48YC8,,,,,,8.0,48.0,,,,,,,fixed,,7280R3A,6055.681021
7280SR3K-48YC8,,,,,,8.0,,48.0,,,,,,fixed,,7280R3A,6055.681021
7280SR3K-48YC8,,,,,,8.0,,,48.0,,,,,fixed,,7280R3A,6055.681021
7280SR3K-48YC8,,,,,,,80.0,,,,,,,fixed,,7280R3A,6055.681021
7280SR3K-48YC8,,,,,,,,80.0,,,,,,fixed,,7280R3A,6055.681021
7280SR3K-48YC8,,,,,,,32.0,,48.0,,,,,fixed,,7280R3A,6055.681021
7280SR3K-48YC8,,,,,,,,32.0,48.0,,,,,fixed,,7280R3A,6055.681021
7280SR3K-48YC8A,,,,8.0,,,48.0,,,,,,,fixed,,7280R3A,6055.681021
7280SR3K-48YC8A,,,,8.0,,,,48.0,,,,,,fixed,,7280R3A,6055.681021
7280SR3K-48YC8A,,,,8.0,,,,,48.0,,,,,fixed,,7280R3A,6055.681021
7280SR3K-48YC8A,,,,,16.0,,48.0,,,,,,,fixed,,7280R3A,6055.681021
7280SR3K-48YC8A,,,,,16.0,,,48.0,,,,,,fixed,,7280R3A,6055.681021
7280SR3K-48YC8A,,,,,16.0,,,,48.0,,,,,fixed,,7280R3A,6055.681021
7280SR3K-48YC8A,,,,,,8.0,48.0,,,,,,,fixed,,7280R3A,6055.681021
7280SR3K-48YC8A,,,,,,8.0,,48.0,,,,,,fixed,,7280R3A,6055.681021
7280SR3K-48YC8A,,,,,,8.0,,,48.0,,,,,fixed,,7280R3A,6055.681021
7280SR3K-48YC8A,,,,,,,80.0,,,,,,,fixed,,7280R3A,6055.681021
7280SR3K-48YC8A,,,,,,,,80.0,,,,,,fixed,,7280R3A,6055.681021
7280SR3K-48YC8A,,,,,,,32.0,,48.0,,,,,fixed,,7280R3A,6055.681021
7280SR3K-48YC8A,,,,,,,,32.0,48.0,,,,,fixed,,7280R3A,6055.681021
7280SR3-40YC6,,,,6.0,,,40.0,,,,,,,fixed,,7280R3A,4790.793782
7280SR3-40YC6,,,,6.0,,,,40.0,,,,,,fixed,,7280R3A,4790.793782
7280SR3-40YC6,,,,6.0,,,,,36.0,,,,,fixed,,7280R3A,4790.793782
7280SR3-40YC6,,,,6.0,,,4.0,,36.0,,,,,fixed,,7280R3A,4790.793782
7280SR3-40YC6,,,,6.0,,,,4.0,36.0,,,,,fixed,,7280R3A,4790.793782
7280SR3-40YC6,,,,,12.0,,40.0,,,,,,,fixed,,7280R3A,4790.793782
7280SR3-40YC6,,,,,12.0,,,40.0,,,,,,fixed,,7280R3A,4790.793782
7280SR3-40YC6,,,,,12.0,,4.0,,36.0,,,,,fixed,,7280R3A,4790.793782
7280SR3-40YC6,,,,,12.0,,,4.0,36.0,,,,,fixed,,7280R3A,4790.793782
7280SR3-40YC6,,,,,,6.0,40.0,,,,,,,fixed,,7280R3A,4790.793782
7280SR3-40YC6,,,,,,6.0,,40.0,,,,,,fixed,,7280R3A,4790.793782
7280SR3-40YC6,,,,,,6.0,4.0,,36.0,,,,,fixed,,7280R3A,4790.793782
7280SR3-40YC6,,,,,,6.0,,4.0,36.0,,,,,fixed,,7280R3A,4790.793782
7280SR3-40YC6,,,,,,,52.0,,,,,,,fixed,,7280R3A,4790.793782
7280SR3-40YC6,,,,,,,,52.0,,,,,,fixed,,7280R3A,4790.793782
7280SR3E-40YC6-M,,,,6.0,,,40.0,,,,,,,fixed,,7280R3A,4790.793782
7280SR3E-40YC6-M,,,,6.0,,,,40.0,,,,,,fixed,,7280R3A,4790.793782
7280SR3E-40YC6-M,,,,6.0,,,,,36.0,,,,,fixed,,7280R3A,4790.793782
7280SR3E-40YC6-M,,,,6.0,,,4.0,,36.0,,,,,fixed,,7280R3A,4790.793782
7280SR3E-40YC6-M,,,,6.0,,,,4.0,36.0,,,,,fixed,,7280R3A,4790.793782
7280SR3E-40YC6-M,,,,,12.0,,40.0,,,,,,,fixed,,7280R3A,4790.793782
7280SR3E-40YC6-M,,,,,12.0,,,40.0,,,,,,fixed,,7280R3A,4790.793782
7280SR3E-40YC6-M,,,,,12.0,,4.0,,36.0,,,,,fixed,,7280R3A,4790.793782
7280SR3E-40YC6-M,,,,,12.0,,,4.0,36.0,,,,,fixed,,7280R3A,4790.793782
7280SR3E-40YC6-M,,,,,,6.0,40.0,,,,,,,fixed,,7280R3A,4790.793782
7280SR3E-40YC6-M,,,,,,6.0,,40.0,,,,,,fixed,,7280R3A,4790.793782
7280SR3E-40YC6-M,,,,,,6.0,4.0,,36.0,,,,,fixed,,7280R3A,4790.793782
7280SR3E-40YC6-M,,,,,,6.0,,4.0,36.0,,,,,fixed,,7280R3A,4790.793782
7280SR3E-40YC6-M,,,,,,,52.0,,,,,,,fixed,,7280R3A,4790.793782
7280SR3E-40YC6-M,,,,,,,,52.0,,,,,,fixed,,7280R3A,4790.793782
7280TR3-40C6,,,,6.0,,,,4.0,36.0,,,,,fixed,,7280R3A,1938.766586
7280TR3-40C6,,,,,12.0,,,4.0,36.0,,,,,fixed,,7280R3A,1938.766586
7280TR3-40C6,,,,,,6.0,,4.0,36.0,,,,,fixed,,7280R3A,1938.766586
7280TR3-40C6,,,,,,,12.0,4.0,36.0,,,,,fixed,,7280R3A,1938.766586
7280TR3-40C6,,,,,,,,16.0,36.0,,,,,fixed,,7280R3A,1938.766586
7135V-48Y-4QC,,,,4.0,,,48.0,,,,,,,fixed,,7130,4790.793782
7060X6-64PE,64.0,,,,,,,,,,,,,fixed,,7060,182311.8737
7060X6-64PE,,128.0,,,,,,,,,,,,fixed,,7060,182311.8737
7060X6-64PE,,,256.0,,,,,,,,,,,fixed,,7060,182311.8737
7060X6-64PE,,,,320.0,,,,,,,,,,fixed,,7060,182311.8737
7060X6-64PE,,,,,320.0,,,,,,,,,fixed,,7060,182311.8737
7060X6-64PE,28.0,,,288.0,,,,,,,,,,fixed,,7060,182311.8737
7060X6-64PE,,64.0,,256.0,,,,,,,,,,fixed,,7060,182311.8737
7060X6-64PE,,,192.0,128.0,,,,,,,,,,fixed,,7060,182311.8737
7060X6-64PE,28.0,,,,288.0,,,,,,,,,fixed,,7060,182311.8737
7060X6-64PE,,64.0,,,256.0,,,,,,,,,fixed,,7060,182311.8737
7060X6-64PE,,,128.0,,192.0,,,,,,,,,fixed,,7060,182311.8737
7060X6-64PE-B,64.0,,,,,,,,,,,,,fixed,,7060,182311.8737
7060X6-64PE-B,,128.0,,,,,,,,,,,,fixed,,7060,182311.8737
7060X6-64PE-B,,,256.0,,,,,,,,,,,fixed,,7060,182311.8737
7060X6-64PE-B,,,,320.0,,,,,,,,,,fixed,,7060,182311.8737
7060X6-64PE-B,,,,,320.0,,,,,,,,,fixed,,7060,182311.8737
7060X6-64PE-B,28.0,,,288.0,,,,,,,,,,fixed,,7060,182311.8737
7060X6-64PE-B,,64.0,,256.0,,,,,,,,,,fixed,,7060,182311.8737
7060X6-64PE-B,,,192.0,128.0,,,,,,,,,,fixed,,7060,182311.8737
7060X6-64PE-B,28.0,,,,288.0,,,,,,,,,fixed,,7060,182311.8737
7060X6-64PE-B,,64.0,,,256.0,,,,,,,,,fixed,,7060,182311.8737
7060X6-64PE-B,,,192.0,,128.0,,,,,,,,,fixed,,7060,182311.8737
7060X6-32PE,64.0,,,,,,,,,,,,,fixed,,7060,182311.8737
7060X6-32PE,,128.0,,,,,,,,,,,,fixed,,7060,182311.8737
7060X6-32PE,,,256.0,,,,,,,,,,,fixed,,7060,182311.8737
7060X6-32PE,,,,320.0,,,,,,,,,,fixed,,7060,182311.8737
7060X6-32PE,,,,,320.0,,,,,,,,,fixed,,7060,182311.8737
7060X6-32PE,28.0,,,288.0,,,,,,,,,,fixed,,7060,182311.8737
7060X6-32PE,,64.0,,256.0,,,,,,,,,,fixed,,7060,182311.8737
7060X6-32PE,,,192.0,128.0,,,,,,,,,,fixed,,7060,182311.8737
7060X6-32PE,28.0,,,,288.0,,,,,,,,,fixed,,7060,182311.8737
7060X6-32PE,,64.0,,,256.0,,,,,,,,,fixed,,7060,182311.8737
7060X6-32PE,,,128.0,,192.0,,,,,,,,,fixed,,7060,182311.8737
7060DX5-64S,,64.0,,,,,,2.0,,,,,,fixed,,7060,88123.0616
7060DX5-64S,,,128.0,,,,,2.0,,,,,,fixed,,7060,88123.0616
7060DX5-64S,,,,256.0,,,,2.0,,,,,,fixed,,7060,88123.0616
7060DX5-64S,,,,,256.0,,,2.0,,,,,,fixed,,7060,88123.0616
7060DX5-64S,,,,,,,256.0,2.0,,,,,,fixed,,7060,88123.0616
7060DX5-64S,,,,,,,,258.0,,,,,,fixed,,7060,88123.0616
7060DX5-64E,32.0,,,,,,,2.0,,,,,,fixed,,7060,88123.0616
7060DX5-64E,,64.0,,,,,,2.0,,,,,,fixed,,7060,88123.0616
7060DX5-64E,,,128.0,,,,,2.0,,,,,,fixed,,7060,88123.0616
7060DX5-64E,,,,256.0,,,,2.0,,,,,,fixed,,7060,88123.0616
7060DX5-64E,,,,,256.0,,,2.0,,,,,,fixed,,7060,88123.0616
7060DX5-64E,,,,,,,256.0,2.0,,,,,,fixed,,7060,88123.0616
7060DX5-64E,,,,,,,,258.0,,,,,,fixed,,7060,88123.0616
7060PX5-64E,32.0,,,,,,,2.0,,,,,,fixed,,7060,88123.0616
7060PX5-64E,,64.0,,,,,,2.0,,,,,,fixed,,7060,88123.0616
7060PX5-64E,,,128.0,,,,,2.0,,,,,,fixed,,7060,88123.0616
7060PX5-64E,,,,256.0,,,,2.0,,,,,,fixed,,7060,88123.0616
7060PX5-64E,,,,,256.0,,,2.0,,,,,,fixed,,7060,88123.0616
7060PX5-64E,,,,,,,256.0,2.0,,,,,,fixed,,7060,88123.0616
7060PX5-64E,,,,,,,,258.0,,,,,,fixed,,7060,88123.0616
7060DX5-64,32.0,,,,,,,2.0,,,,,,fixed,,7060,88123.0616
7060DX5-64,,64.0,,,,,,2.0,,,,,,fixed,,7060,88123.0616
7060DX5-64,,,128.0,,,,,2.0,,,,,,fixed,,7060,88123.0616
7060DX5-64,,,,256.0,,,,2.0,,,,,,fixed,,7060,88123.0616
7060DX5-64,,,,,256.0,,,2.0,,,,,,fixed,,7060,88123.0616
7060DX5-64,,,,,,,256.0,2.0,,,,,,fixed,,7060,88123.0616
7060DX5-64,,,,,,,,258.0,,,,,,fixed,,7060,88123.0616
7060DX5-32,,32.0,,,,,,1.0,,,,,,fixed,,7060,42560.63331
7060DX5-32,,,64.0,,,,,1.0,,,,,,fixed,,7060,42560.63331
7060DX5-32,,,,128.0,,,,1.0,,,,,,fixed,,7060,42560.63331
7060DX5-32,,,,,128.0,,,1.0,,,,,,fixed,,7060,42560.63331
7060DX5-32,,,,,,,128.0,1.0,,,,,,fixed,,7060,42560.63331
7060DX5-32,,,,,,,,129.0,,,,,,fixed,,7060,42560.63331
 7060CX5-56D8,,8.0,,56.0,,,,1.0,,,,,,fixed,,7060,28728.05339
 7060CX5-56D8,,8.0,,,112.0,,,1.0,,,,,,fixed,,7060,28728.05339
 7060CX5-56D8,,8.0,,,,,112.0,1.0,,,,,,fixed,,7060,28728.05339
 7060CX5-56D8,,8.0,,,,,,113.0,,,,,,fixed,,7060,28728.05339
 7060CX5-56D8,,,16.0,56.0,,,,1.0,,,,,,fixed,,7060,28728.05339
 7060CX5-56D8,,,16.0,,112.0,,,1.0,,,,,,fixed,,7060,28728.05339
 7060CX5-56D8,,,16.0,,,,112.0,1.0,,,,,,fixed,,7060,28728.05339
 7060CX5-56D8,,,16.0,,,,,113.0,,,,,,fixed,,7060,28728.05339
 7060CX5-56D8,,,,88.0,,,,1.0,,,,,,fixed,,7060,28728.05339
 7060CX5-56D8,,,,48.0,80.0,,,1.0,,,,,,fixed,,7060,28728.05339
 7060CX5-56D8,,,,48.0,,,80.0,1.0,,,,,,fixed,,7060,28728.05339
 7060CX5-56D8,,,,48.0,,,,81.0,,,,,,fixed,,7060,28728.05339
 7060CX5-56D8,,,,,128.0,,,1.0,,,,,,fixed,,7060,28728.05339
 7060CX5-56D8,,,,,,,128.0,1.0,,,,,,fixed,,7060,28728.05339
 7060CX5-56D8,,,,,,,,129.0,,,,,,fixed,,7060,28728.05339
7060PX4-32,,32.0,,,,,,2.0,,,,,,fixed,,7060,42595.51975
7060PX4-32,,32.0,,,,,,,2.0,,,,,fixed,,7060,42595.51975
7060PX4-32,,,64.0,,,,,2.0,,,,,,fixed,,7060,42595.51975
7060PX4-32,,,64.0,,,,,,2.0,,,,,fixed,,7060,42595.51975
7060PX4-32,,,,128.0,,,,2.0,,,,,,fixed,,7060,42595.51975
7060PX4-32,,,,128.0,,,,,2.0,,,,,fixed,,7060,42595.51975
7060PX4-32,,,,,128.0,,,2.0,,,,,,fixed,,7060,42595.51975
7060PX4-32,,,,,128.0,,,,2.0,,,,,fixed,,7060,42595.51975
7060PX4-32,,,,,,64.0,,2.0,,,,,,fixed,,7060,42595.51975
7060PX4-32,,,,,,64.0,,,2.0,,,,,fixed,,7060,42595.51975
7060PX4-32,,,,,,,,130.0,,,,,,fixed,,7060,42595.51975
7060PX4-32,,,,,,,,,130.0,,,,,fixed,,7060,42595.51975
7060DX4-32,,32.0,,,,,,2.0,,,,,,fixed,,7060,42595.51975
7060DX4-32,,32.0,,,,,,,2.0,,,,,fixed,,7060,42595.51975
7060DX4-32,,,64.0,,,,,2.0,,,,,,fixed,,7060,42595.51975
7060DX4-32,,,64.0,,,,,,2.0,,,,,fixed,,7060,42595.51975
7060DX4-32,,,,128.0,,,,2.0,,,,,,fixed,,7060,42595.51975
7060DX4-32,,,,128.0,,,,,2.0,,,,,fixed,,7060,42595.51975
7060DX4-32,,,,,128.0,,,2.0,,,,,,fixed,,7060,42595.51975
7060DX4-32,,,,,128.0,,,,2.0,,,,,fixed,,7060,42595.51975
7060DX4-32,,,,,,64.0,,2.0,,,,,,fixed,,7060,42595.51975
7060DX4-32,,,,,,64.0,,,2.0,,,,,fixed,,7060,42595.51975
7060DX4-32,,,,,,,,130.0,,,,,,fixed,,7060,42595.51975
7060DX4-32,,,,,,,,,130.0,,,,,fixed,,7060,42595.51975
7060CX2-32S,,,,32.0,,,,,2.0,,,,,fixed,,7060,9925.991282
7060CX2-32S,,,,,,32.0,,,2.0,,,,,fixed,,7060,9925.991282
7060CX2-32S,,,,,,,128.0,,2.0,,,,,fixed,,7060,9925.991282
7060CX2-32S,,,,,,,,128.0,2.0,,,,,fixed,,7060,9925.991282
7060CX2-32S,,,,,,,,130.0,,,,,,fixed,,7060,9925.991282
7060CX-32S,,,,32.0,,,,,2.0,,,,,fixed,,7060,9925.991282
7060CX-32S,,,,,,32.0,,,2.0,,,,,fixed,,7060,9925.991282
7060CX-32S,,,,,,,128.0,,2.0,,,,,fixed,,7060,9925.991282
7060CX-32S,,,,,,,,128.0,2.0,,,,,fixed,,7060,9925.991282
7060CX-32S,,,,,,,,130.0,,,,,,fixed,,7060,9925.991282
7060SX2-48YC6,,,,6.0,,,48.0,,,,,,,fixed,,7060,5421.477077
7060SX2-48YC6,,,,,,6.0,48.0,,,,,,,fixed,,7060,5421.477077
7060SX2-48YC6,,,,6.0,,,,48.0,,,,,,fixed,,7060,5421.477077
7060SX2-48YC6,,,,,,6.0,,48.0,,,,,,fixed,,7060,5421.477077
7060SX2-48YC6,,,,6.0,,,,,48.0,,,,,fixed,,7060,5421.477077
7060SX2-48YC6,,,,,,6.0,,,48.0,,,,,fixed,,7060,5421.477077
7060SX2-48YC6,,,,,,,72.0,,,,,,,fixed,,7060,5421.477077
7060SX2-48YC6,,,,,,,,72.0,,,,,,fixed,,7060,5421.477077
7260CX-64,,,,64.0,,,,2.0,,,,,,fixed,,7260,20605.98005
7260CX-64,,,,64.0,,,,,2.0,,,,,fixed,,7260,20605.98005
7260CX-64,,,,,,64.0,,2.0,,,,,,fixed,,7260,20605.98005
7260CX-64,,,,,,64.0,,,2.0,,,,,fixed,,7260,20605.98005
7260CX-64,,,,,,,256.0,2.0,,,,,,fixed,,7260,20605.98005
7260CX-64,,,,,,,256.0,,2.0,,,,,fixed,,7260,20605.98005
7260CX-64,,,,,,,,258.0,,,,,,fixed,,7260,20605.98005
7260CX-64,,,,,,,,256.0,2.0,,,,,fixed,,7260,20605.98005
7260QX-64,,,,,,64.0,,2.0,,,,,,fixed,,7260,20605.98005
7260QX-64,,,,,,64.0,,,2.0,,,,,fixed,,7260,20605.98005
7260CX3-64,,,,64.0,,,,2.0,,,,,,fixed,,7260,20605.98005
7260CX3-64,,,,64.0,,,,,2.0,,,,,fixed,,7260,20605.98005
7260CX3-64,,,,,128.0,,,2.0,,,,,,fixed,,7260,20605.98005
7260CX3-64,,,,,128.0,,,,2.0,,,,,fixed,,7260,20605.98005
7260CX3-64,,,,,,64.0,,2.0,,,,,,fixed,,7260,20605.98005
7260CX3-64,,,,,,64.0,,,2.0,,,,,fixed,,7260,20605.98005
7260CX3-64,,,,,,,128.0,2.0,,,,,,fixed,,7260,20605.98005
7260CX3-64,,,,,,,128.0,,2.0,,,,,fixed,,7260,20605.98005
7260CX3-64,,,,,,,,130.0,,,,,,fixed,,7260,20605.98005
7260CX3-64,,,,,,,,128.0,2.0,,,,,fixed,,7260,20605.98005
7260CX3-64E,,,,64.0,,,,2.0,,,,,,fixed,,7260,20605.98005
7260CX3-64E,,,,64.0,,,,,2.0,,,,,fixed,,7260,20605.98005
7260CX3-64E,,,,,128.0,,,2.0,,,,,,fixed,,7260,20605.98005
7260CX3-64E,,,,,128.0,,,,2.0,,,,,fixed,,7260,20605.98005
7260CX3-64E,,,,,,64.0,,2.0,,,,,,fixed,,7260,20605.98005
7260CX3-64E,,,,,,64.0,,,2.0,,,,,fixed,,7260,20605.98005
7260CX3-64E,,,,,,,128.0,2.0,,,,,,fixed,,7260,20605.98005
7260CX3-64E,,,,,,,128.0,,2.0,,,,,fixed,,7260,20605.98005
7260CX3-64E,,,,,,,,130.0,,,,,,fixed,,7260,20605.98005
7260CX3-64E,,,,,,,,128.0,2.0,,,,,fixed,,7260,20605.98005
7050DX4-32S,,32.0,,,,,,2.0,,,,,,fixed,,7050,42595.51975
7050DX4-32S,,,64.0,,,,,2.0,,,,,,fixed,,7050,42595.51975
7050DX4-32S,,,,128.0,,,,2.0,,,,,,fixed,,7050,42595.51975
7050DX4-32S,,,,,142.0,,,2.0,,,,,,fixed,,7050,42595.51975
7050DX4-32S,,,,,144.0,,,,,,,,,fixed,,7050,42595.51975
7050DX4-32S,,16.0,,,128.0,,,,,,,,,fixed,,7050,42595.51975
7050DX4-32S,,16.0,,,126.0,,,2.0,,,,,,fixed,,7050,42595.51975
7050DX4-32S,,,37.0,,106.0,,,,,,,,,fixed,,7050,42595.51975
7050DX4-32S,,,37.0,,104.0,,,2.0,,,,,,fixed,,7050,42595.51975
7050DX4-32S,,,,32.0,112.0,,,,,,,,,fixed,,7050,42595.51975
7050DX4-32S,,,,32.0,110.0,,,2.0,,,,,,fixed,,7050,42595.51975
7050DX4-32S,,,,,,64.0,,2.0,,,,,,fixed,,7050,42595.51975
7050DX4-32S,,16.0,,,,,128.0,,,,,,,fixed,,7050,42595.51975
7050DX4-32S,,16.0,,,,,126.0,2.0,,,,,,fixed,,7050,42595.51975
7050DX4-32S,,,37.0,,,,106.0,,,,,,,fixed,,7050,42595.51975
7050DX4-32S,,,37.0,,,,104.0,2.0,,,,,,fixed,,7050,42595.51975
7050DX4-32S,,,,32.0,,,112.0,,,,,,,fixed,,7050,42595.51975
7050DX4-32S,,,,32.0,,,110.0,2.0,,,,,,fixed,,7050,42595.51975
7050DX4-32S,,16.0,,,,,,128.0,,,,,,fixed,,7050,42595.51975
7050DX4-32S,,14.0,,,,,,130.0,,,,,,fixed,,7050,42595.51975
7050DX4-32S,,,38.0,,,,,106.0,,,,,,fixed,,7050,42595.51975
7050DX4-32S,,,,32.0,,,,112.0,,,,,,fixed,,7050,42595.51975
7050DX4-32S,,,,30.0,,,,114.0,,,,,,fixed,,7050,42595.51975
7050DX4-32S,,,,,,,,130.0,,,,,,fixed,,7050,42595.51975
7050PX4-32S,,32.0,,,,,,2.0,,,,,,fixed,,7050,42595.51975
7050PX4-32S,,,64.0,,,,,2.0,,,,,,fixed,,7050,42595.51975
7050PX4-32S,,,,128.0,,,,2.0,,,,,,fixed,,7050,42595.51975
7050PX4-32S,,,,,142.0,,,2.0,,,,,,fixed,,7050,42595.51975
7050PX4-32S,,,,,144.0,,,,,,,,,fixed,,7050,42595.51975
7050PX4-32S,,16.0,,,128.0,,,,,,,,,fixed,,7050,42595.51975
7050PX4-32S,,16.0,,,126.0,,,2.0,,,,,,fixed,,7050,42595.51975
7050PX4-32S,,,37.0,,106.0,,,,,,,,,fixed,,7050,42595.51975
7050PX4-32S,,,37.0,,104.0,,,2.0,,,,,,fixed,,7050,42595.51975
7050PX4-32S,,,,32.0,112.0,,,,,,,,,fixed,,7050,42595.51975
7050PX4-32S,,,,32.0,110.0,,,2.0,,,,,,fixed,,7050,42595.51975
7050PX4-32S,,,,,,64.0,,2.0,,,,,,fixed,,7050,42595.51975
7050PX4-32S,,16.0,,,,,128.0,,,,,,,fixed,,7050,42595.51975
7050PX4-32S,,16.0,,,,,126.0,2.0,,,,,,fixed,,7050,42595.51975
7050PX4-32S,,,37.0,,,,106.0,,,,,,,fixed,,7050,42595.51975
7050PX4-32S,,,37.0,,,,104.0,2.0,,,,,,fixed,,7050,42595.51975
7050PX4-32S,,,,32.0,,,112.0,,,,,,,fixed,,7050,42595.51975
7050PX4-32S,,,,32.0,,,110.0,2.0,,,,,,fixed,,7050,42595.51975
7050PX4-32S,,16.0,,,,,,128.0,,,,,,fixed,,7050,42595.51975
7050PX4-32S,,14.0,,,,,,130.0,,,,,,fixed,,7050,42595.51975
7050PX4-32S,,,38.0,,,,,106.0,,,,,,fixed,,7050,42595.51975
7050PX4-32S,,,,32.0,,,,112.0,,,,,,fixed,,7050,42595.51975
7050PX4-32S,,,,30.0,,,,114.0,,,,,,fixed,,7050,42595.51975
7050PX4-32S,,,,,,,,130.0,,,,,,fixed,,7050,42595.51975
7050DX4M-32S,,32.0,,,,,,2.0,,,,,,fixed,,7050,42595.51975
7050DX4M-32S,,,64.0,,,,,2.0,,,,,,fixed,,7050,42595.51975
7050DX4M-32S,,,,128.0,,,,2.0,,,,,,fixed,,7050,42595.51975
7050DX4M-32S,,,,,142.0,,,2.0,,,,,,fixed,,7050,42595.51975
7050DX4M-32S,,,,,144.0,,,,,,,,,fixed,,7050,42595.51975
7050DX4M-32S,,16.0,,,128.0,,,,,,,,,fixed,,7050,42595.51975
7050DX4M-32S,,16.0,,,126.0,,,2.0,,,,,,fixed,,7050,42595.51975
7050DX4M-32S,,,37.0,,106.0,,,,,,,,,fixed,,7050,42595.51975
7050DX4M-32S,,,37.0,,104.0,,,2.0,,,,,,fixed,,7050,42595.51975
7050DX4M-32S,,,,32.0,112.0,,,,,,,,,fixed,,7050,42595.51975
7050DX4M-32S,,,,32.0,110.0,,,2.0,,,,,,fixed,,7050,42595.51975
7050DX4M-32S,,,,,,64.0,,2.0,,,,,,fixed,,7050,42595.51975
7050DX4M-32S,,16.0,,,,,128.0,,,,,,,fixed,,7050,42595.51975
7050DX4M-32S,,16.0,,,,,126.0,2.0,,,,,,fixed,,7050,42595.51975
7050DX4M-32S,,,37.0,,,,106.0,,,,,,,fixed,,7050,42595.51975
7050DX4M-32S,,,37.0,,,,104.0,2.0,,,,,,fixed,,7050,42595.51975
7050DX4M-32S,,,,32.0,,,112.0,,,,,,,fixed,,7050,42595.51975
7050DX4M-32S,,,,32.0,,,110.0,2.0,,,,,,fixed,,7050,42595.51975
7050DX4M-32S,,16.0,,,,,,128.0,,,,,,fixed,,7050,42595.51975
7050DX4M-32S,,14.0,,,,,,130.0,,,,,,fixed,,7050,42595.51975
7050DX4M-32S,,,38.0,,,,,106.0,,,,,,fixed,,7050,42595.51975
7050DX4M-32S,,,,32.0,,,,112.0,,,,,,fixed,,7050,42595.51975
7050DX4M-32S,,,,30.0,,,,114.0,,,,,,fixed,,7050,42595.51975
7050DX4M-32S,,,,,,,,130.0,,,,,,fixed,,7050,42595.51975
7050SDX4-48D8,,8.0,,48.0,,,,,,,,,,fixed,,7050,25961.27286
7050SDX4-48D8,,8.0,,32.0,32.0,,,,,,,,,fixed,,7050,25961.27286
7050SDX4-48D8,,8.0,,,64.0,,,,,,,,,fixed,,7050,25961.27286
7050SDX4-48D8,,8.0,,42.0,,,21.0,,,,,,,fixed,,7050,25961.27286
7050SDX4-48D8,,8.0,,42.0,,,,21.0,,,,,,fixed,,7050,25961.27286
7050SDX4-48D8,,8.0,,,,,64.0,,,,,,,fixed,,7050,25961.27286
7050SDX4-48D8,,8.0,,,,,,64.0,,,,,,fixed,,7050,25961.27286
7050SDX4-48D8,,,16.0,40.0,16.0,,,,,,,,,fixed,,7050,25961.27286
7050SDX4-48D8,,,16.0,,56.0,,,,,,,,,fixed,,7050,25961.27286
7050SDX4-48D8,,,16.0,45.0,,,10.0,,,,,,,fixed,,7050,25961.27286
7050SDX4-48D8,,,16.0,,,,56.0,,,,,,,fixed,,7050,25961.27286
7050SDX4-48D8,,,16.0,45.0,,,,10.0,,,,,,fixed,,7050,25961.27286
7050SDX4-48D8,,,16.0,,,,,56.0,,,,,,fixed,,7050,25961.27286
7050SDX4-48D8,,,,72.0,,,,,,,,,,fixed,,7050,25961.27286
7050SDX4-48D8,,,,,72.0,,,,,,,,,fixed,,7050,25961.27286
7050SDX4-48D8,,,,,,,72.0,,,,,,,fixed,,7050,25961.27286
7050SDX4-48D8,,,,,,,,72.0,,,,,,fixed,,7050,25961.27286
7050SDX4-48D8,,,,40.0,16.0,16.0,,,,,,,,fixed,,7050,25961.27286
7050SDX4-48D8,,,,,56.0,16.0,,,,,,,,fixed,,7050,25961.27286
7050SDX4-48D8,,,,45.0,,16.0,10.0,,,,,,,fixed,,7050,25961.27286
7050SDX4-48D8,,,,,,16.0,56.0,,,,,,,fixed,,7050,25961.27286
7050SDX4-48D8,,,,45.0,,16.0,,10.0,,,,,,fixed,,7050,25961.27286
7050SDX4-48D8,,,,,,16.0,,56.0,,,,,,fixed,,7050,25961.27286
7050SPX4-48D8,,8.0,,48.0,,,,,,,,,,fixed,,7050,25961.27286
7050SPX4-48D8,,8.0,,32.0,32.0,,,,,,,,,fixed,,7050,25961.27286
7050SPX4-48D8,,8.0,,,64.0,,,,,,,,,fixed,,7050,25961.27286
7050SPX4-48D8,,8.0,,42.0,,,21.0,,,,,,,fixed,,7050,25961.27286
7050SPX4-48D8,,8.0,,,,,64.0,,,,,,,fixed,,7050,25961.27286
7050SPX4-48D8,,,16.0,40.0,16.0,,,,,,,,,fixed,,7050,25961.27286
7050SPX4-48D8,,,16.0,,56.0,,,,,,,,,fixed,,7050,25961.27286
7050SPX4-48D8,,,16.0,45.0,,,10.0,,,,,,,fixed,,7050,25961.27286
7050SPX4-48D8,,,16.0,,,,56.0,,,,,,,fixed,,7050,25961.27286
7050SPX4-48D8,,,,72.0,,,,,,,,,,fixed,,7050,25961.27286
7050SPX4-48D8,,,,,72.0,,,,,,,,,fixed,,7050,25961.27286
7050SPX4-48D8,,,,,,,72.0,,,,,,,fixed,,7050,25961.27286
7050SPX4-48D8,,,,40.0,16.0,16.0,,,,,,,,fixed,,7050,25961.27286
7050SPX4-48D8,,,,,56.0,16.0,,,,,,,,fixed,,7050,25961.27286
7050SPX4-48D8,,,,45.0,,16.0,10.0,,,,,,,fixed,,7050,25961.27286
7050SPX4-48D8,,,,,,16.0,56.0,,,,,,,fixed,,7050,25961.27286
7050CX4-24D8,,8.0,24.0,,,,,2.0,,,,,,fixed,,7050,26029.42546
7050CX4-24D8,,8.0,,48.0,,,,2.0,,,,,,fixed,,7050,26029.42546
7050CX4-24D8,,8.0,10.0,,54.0,,,2.0,,,,,,fixed,,7050,26029.42546
7050CX4-24D8,,8.0,,,64.0,,,2.0,,,,,,fixed,,7050,26029.42546
7050CX4-24D8,,8.0,18.0,,,,45.0,2.0,,,,,,fixed,,7050,26029.42546
7050CX4-24D8,,8.0,,,,,64.0,2.0,,,,,,fixed,,7050,26029.42546
7050CX4-24D8,,8.0,18.0,,,,,47.0,,,,,,fixed,,7050,26029.42546
7050CX4-24D8,,8.0,,,,,,66.0,,,,,,fixed,,7050,26029.42546
7050CX4-24D8,,,40.0,,,,,2.0,,,,,,fixed,,7050,26029.42546
7050CX4-24D8,,,16.0,48.0,,,,2.0,,,,,,fixed,,7050,26029.42546
7050CX4-24D8,,,16.0,13.0,42.0,,,2.0,,,,,,fixed,,7050,26029.42546
7050CX4-24D8,,,16.0,,56.0,,,2.0,,,,,,fixed,,7050,26029.42546
7050CX4-24D8,,,16.0,13.0,,,42.0,2.0,,,,,,fixed,,7050,26029.42546
7050CX4-24D8,,,16.0,,,,56.0,2.0,,,,,,fixed,,7050,26029.42546
7050CX4-24D8,,,16.0,13.0,,,,44.0,,,,,,fixed,,7050,26029.42546
7050CX4-24D8,,,16.0,,,,,58.0,,,,,,fixed,,7050,26029.42546
7050CX4-24D8,,,,72.0,,,,2.0,,,,,,fixed,,7050,26029.42546
7050CX4-24D8,,,,,72.0,,,2.0,,,,,,fixed,,7050,26029.42546
7050CX4-24D8,,,,,,,72.0,2.0,,,,,,fixed,,7050,26029.42546
7050CX4-24D8,,,,,,,,74.0,,,,,,fixed,,7050,26029.42546
7050CX4-24D8,,,,48.0,,16.0,,2.0,,,,,,fixed,,7050,26029.42546
7050CX4-24D8,,,,13.0,42.0,16.0,,2.0,,,,,,fixed,,7050,26029.42546
7050CX4-24D8,,,,,56.0,16.0,,2.0,,,,,,fixed,,7050,26029.42546
7050CX4-24D8,,,,13.0,,16.0,42.0,2.0,,,,,,fixed,,7050,26029.42546
7050CX4-24D8,,,,,,16.0,56.0,2.0,,,,,,fixed,,7050,26029.42546
7050CX4-24D8,,,,13.0,,16.0,,44.0,,,,,,fixed,,7050,26029.42546
7050CX4-24D8,,,,,,16.0,,58.0,,,,,,fixed,,7050,26029.42546
7050CX4M-48D8,,8.0,,48.0,,,,2.0,,,,x,,fixed,,7050,26029.42546
7050CX4M-48D8,,8.0,,32.0,32.0,,,2.0,,,,x,,fixed,,7050,26029.42546
7050CX4M-48D8,,8.0,,,64.0,,,2.0,,,,x,,fixed,,7050,26029.42546
7050CX4M-48D8,,8.0,,42.0,,,21.0,2.0,,,,x,,fixed,,7050,26029.42546
7050CX4M-48D8,,8.0,,42.0,,,,23.0,,,,x,,fixed,,7050,26029.42546
7050CX4M-48D8,,8.0,,,,,64.0,2.0,,,,x,,fixed,,7050,26029.42546
7050CX4M-48D8,,8.0,,,,,,66.0,,,,x,,fixed,,7050,26029.42546
7050CX4M-48D8,,,16.0,40.0,16.0,,,2.0,,,,x,,fixed,,7050,26029.42546
7050CX4M-48D8,,,16.0,,56.0,,,2.0,,,,x,,fixed,,7050,26029.42546
7050CX4M-48D8,,,16.0,45.0,,,10.0,2.0,,,,x,,fixed,,7050,26029.42546
7050CX4M-48D8,,,16.0,,,,56.0,2.0,,,,x,,fixed,,7050,26029.42546
7050CX4M-48D8,,,16.0,45.0,,,,12.0,,,,x,,fixed,,7050,26029.42546
7050CX4M-48D8,,,16.0,,,,,58.0,,,,x,,fixed,,7050,26029.42546
7050CX4M-48D8,,,,72.0,,,,2.0,,,,x,,fixed,,7050,26029.42546
7050CX4M-48D8,,,,,72.0,,,2.0,,,,x,,fixed,,7050,26029.42546
7050CX4M-48D8,,,,,,,72.0,2.0,,,,x,,fixed,,7050,26029.42546
7050CX4M-48D8,,,,,,,,74.0,,,,x,,fixed,,7050,26029.42546
7050CX4M-48D8,,,,40.0,16.0,16.0,,2.0,,,,x,,fixed,,7050,26029.42546
7050CX4M-48D8,,,,,56.0,16.0,,2.0,,,,x,,fixed,,7050,26029.42546
7050CX4M-48D8,,,,45.0,,16.0,10.0,2.0,,,,x,,fixed,,7050,26029.42546
7050CX4M-48D8,,,,,,16.0,56.0,2.0,,,,x,,fixed,,7050,26029.42546
7050CX4M-48D8,,,,45.0,,16.0,,10.0,,,,x,,fixed,,7050,26029.42546
7050CX4M-48D8,,,,,,16.0,,56.0,,,,x,,fixed,,7050,26029.42546
7050CX4M-48D8,,,,,,72.0,,2.0,,,,x,,fixed,,7050,26029.42546
7050X4-48Y-4DF,,4.0,,,,,48.0,,,,,,,fixed,,7050,8621.789757
7050X4-48Y-4DF,,4.0,,,,,,48.0,,,,,,fixed,,7050,8621.789757
7050X4-48Y-4DF,,,8.0,,,,48.0,,,,,,,fixed,,7050,8621.789757
7050X4-48Y-4DF,,,8.0,,,,,48.0,,,,,,fixed,,7050,8621.789757
7050X4-48Y-4DF,,,,16.0,,,48.0,,,,,,,fixed,,7050,8621.789757
7050X4-48Y-4DF,,,,16.0,,,,48.0,,,,,,fixed,,7050,8621.789757
7050X4-48Y-4DF,,,,,24.0,,48.0,,,,,,,fixed,,7050,8621.789757
7050X4-48Y-4DF,,,,,24.0,,,48.0,,,,,,fixed,,7050,8621.789757
7050X4-48Y-4DF,,,,,32.0,,40.0,,,,,,,fixed,,7050,8621.789757
7050X4-48Y-4DF,,,,,32.0,,,40.0,,,,,,fixed,,7050,8621.789757
7050X4-48Y-4DF,,,,,,8.0,48.0,,,,,,,fixed,,7050,8621.789757
7050X4-48Y-4DF,,,,,,8.0,,48.0,,,,,,fixed,,7050,8621.789757
7050X4-48Y-4DF,,,,,,,72.0,,,,,,,fixed,,7050,8621.789757
7050X4-48Y-4DF,,,,,,,,72.0,,,,,,fixed,,7050,8621.789757
7050CX3-32S,,,,32.0,,,,1.0,,,,,,fixed,,7050,9952.032359
7050CX3-32S,,,,32.0,,,,,2.0,,,,,fixed,,7050,9952.032359
7050CX3-32S,,,,,64.0,,,1.0,,,,,,fixed,,7050,9952.032359
7050CX3-32S,,,,,64.0,,,,2.0,,,,,fixed,,7050,9952.032359
7050CX3-32S,,,,,,,128.0,1.0,,,,,,fixed,,7050,9952.032359
7050CX3-32S,,,,,,,127.0,,2.0,,,,,fixed,,7050,9952.032359
7050CX3-32S,,,,,,32.0,,1.0,,,,,,fixed,,7050,9952.032359
7050CX3-32S,,,,,,32.0,,,2.0,,,,,fixed,,7050,9952.032359
7050CX3-32S,,,,,,,,129.0,,,,,,fixed,,7050,9952.032359
7050CX3-32S,,,,,,,,127.0,2.0,,,,,fixed,,7050,9952.032359
7050CX3-32C,,,,32.0,,,,2.0,,,,,,fixed,,7050,9984.588269
7050CX3-32C,,,,32.0,,,,,2.0,,,,,fixed,,7050,9984.588269
7050CX3-32C,,,,,64.0,,,2.0,,,,,,fixed,,7050,9984.588269
7050CX3-32C,,,,,64.0,,,,2.0,,,,,fixed,,7050,9984.588269
7050CX3-32C,,,,,,,128.0,1.0,,,,,,fixed,,7050,9984.588269
7050CX3-32C,,,,,,,127.0,,2.0,,,,,fixed,,7050,9984.588269
7050CX3-32C,,,,,,32.0,,1.0,,,,,,fixed,,7050,9984.588269
7050CX3-32C,,,,,,32.0,,,2.0,,,,,fixed,,7050,9984.588269
7050CX3-32C,,,,,,,,129.0,,,,,,fixed,,7050,9984.588269
7050CX3-32C,,,,,,,,127.0,2.0,,,,,fixed,,7050,9984.588269
7050SX3-48C8,,,,8.0,,,,48.0,,,,,,fixed,,7050,3790.1113
7050SX3-48C8,,,,8.0,,,,,48.0,,,,,fixed,,7050,3790.1113
7050SX3-48C8,,,,,16.0,,,48.0,,,,,,fixed,,7050,3790.1113
7050SX3-48C8,,,,,16.0,,,,48.0,,,,,fixed,,7050,3790.1113
7050SX3-48C8,,,,,,8.0,,48.0,,,,,,fixed,,7050,3790.1113
7050SX3-48C8,,,,,,8.0,,,48.0,,,,,fixed,,7050,3790.1113
7050SX3-48C8,,,,,,,16.0,48.0,,,,,,fixed,,7050,3790.1113
7050SX3-48C8,,,,,,,16.0,,48.0,,,,,fixed,,7050,3790.1113
7050SX3-48C8,,,,,,,,64.0,,,,,,fixed,,7050,3790.1113
7050SX3-48C8,,,,,,,,16.0,48.0,,,,,fixed,,7050,3790.1113
7050SX3-48C8C,,,,8.0,,,,48.0,,,,,,fixed,,7050,3790.1113
7050SX3-48C8C,,,,8.0,,,,,48.0,,,,,fixed,,7050,3790.1113
7050SX3-48C8C,,,,,16.0,,,48.0,,,,,,fixed,,7050,3790.1113
7050SX3-48C8C,,,,,16.0,,,,48.0,,,,,fixed,,7050,3790.1113
7050SX3-48C8C,,,,,,8.0,,48.0,,,,,,fixed,,7050,3790.1113
7050SX3-48C8C,,,,,,8.0,,,48.0,,,,,fixed,,7050,3790.1113
7050SX3-48C8C,,,,,,,16.0,48.0,,,,,,fixed,,7050,3790.1113
7050SX3-48C8C,,,,,,,16.0,,48.0,,,,,fixed,,7050,3790.1113
7050SX3-48C8C,,,,,,,,64.0,,,,,,fixed,,7050,3790.1113
7050SX3-48C8C,,,,,,,,16.0,48.0,,,,,fixed,,7050,3790.1113
7050TX3-48C8,,,,8.0,,,,48.0,,,,,,fixed,,7050,3790.1113
7050TX3-48C8,,,,8.0,,,,,48.0,,,,,fixed,,7050,3790.1113
7050TX3-48C8,,,,,16.0,,,48.0,,,,,,fixed,,7050,3790.1113
7050TX3-48C8,,,,,16.0,,,,48.0,,,,,fixed,,7050,3790.1113
7050TX3-48C8,,,,,,8.0,,48.0,,,,,,fixed,,7050,3790.1113
7050TX3-48C8,,,,,,8.0,,,48.0,,,,,fixed,,7050,3790.1113
7050TX3-48C8,,,,,,,16.0,48.0,,,,,,fixed,,7050,3790.1113
7050TX3-48C8,,,,,,,16.0,,48.0,,,,,fixed,,7050,3790.1113
7050TX3-48C8,,,,,,,,64.0,,,,,,fixed,,7050,3790.1113
7050TX3-48C8,,,,,,,,16.0,48.0,,,,,fixed,,7050,3790.1113
7050SX3-96YC8,,,,8.0,,,96.0,2.0,,,,,,fixed,,7050,9984.588269
7050SX3-96YC8,,,,8.0,,,96.0,,2.0,,,,,fixed,,7050,9984.588269
7050SX3-96YC8,,,,,16.0,,96.0,2.0,,,,,,fixed,,7050,9984.588269
7050SX3-96YC8,,,,,16.0,,96.0,,2.0,,,,,fixed,,7050,9984.588269
7050SX3-96YC8,,,,,,8.0,96.0,2.0,,,,,,fixed,,7050,9984.588269
7050SX3-96YC8,,,,,,8.0,96.0,,2.0,,,,,fixed,,7050,9984.588269
7050SX3-96YC8,,,,,,,128.0,,,,,,,fixed,,7050,9984.588269
7050SX3-96YC8,,,,,,,,129.0,,,,,,fixed,,7050,9984.588269
7050SX3-96YC8,,,,,,,,,129.0,,,,,fixed,,7050,9984.588269
7050SX3-48YC12,,,,12.0,,,48.0,,,,,,,fixed,,7050,7333.364963
7050SX3-48YC12,,,,,24.0,,48.0,,,,,,,fixed,,7050,7333.364963
7050SX3-48YC12,,,,,,12.0,48.0,,,,,,,fixed,,7050,7333.364963
7050SX3-48YC12,,,,,,,96.0,,,,,,,fixed,,7050,7333.364963
7050SX3-48YC12,,,,,,,,96.0,,,,,,fixed,,7050,7333.364963
7050SX3-48YC12,,,,12.0,,,,48.0,,,,,,fixed,,7050,7333.364963
7050SX3-48YC12,,,,,24.0,,,48.0,,,,,,fixed,,7050,7333.364963
7050SX3-48YC12,,,,,,12.0,,48.0,,,,,,fixed,,7050,7333.364963
7050SX3-48YC12,,,,12.0,,,,,48.0,,,,,fixed,,7050,7333.364963
7050SX3-48YC12,,,,,24.0,,,,48.0,,,,,fixed,,7050,7333.364963
7050SX3-48YC12,,,,,,12.0,,,48.0,,,,,fixed,,7050,7333.364963
7050SX3-48YC8,,,,8.0,,,48.0,,,,,,,fixed,,7050,6055.681021
7050SX3-48YC8,,,,,16.0,,48.0,,,,,,,fixed,,7050,6055.681021
7050SX3-48YC8,,,,,,8.0,48.0,,,,,,,fixed,,7050,6055.681021
7050SX3-48YC8,,,,,,,64.0,,,,,,,fixed,,7050,6055.681021
7050SX3-48YC8,,,,,,,,64.0,,,,,,fixed,,7050,6055.681021
7050SX3-48YC8,,,,8.0,,,,48.0,,,,,,fixed,,7050,6055.681021
7050SX3-48YC8,,,,,16.0,,,48.0,,,,,,fixed,,7050,6055.681021
7050SX3-48YC8,,,,,,8.0,,48.0,,,,,,fixed,,7050,6055.681021
7050SX3-48YC8,,,,8.0,,,,,48.0,,,,,fixed,,7050,6055.681021
7050SX3-48YC8,,,,,16.0,,,,48.0,,,,,fixed,,7050,6055.681021
7050SX3-48YC8,,,,,,8.0,,,48.0,,,,,fixed,,7050,6055.681021
7050SX3-48YC8C,,,,8.0,,,48.0,,,,,,,fixed,,7050,6055.681021
7050SX3-48YC8C,,,,,16.0,,48.0,,,,,,,fixed,,7050,6055.681021
7050SX3-48YC8C,,,,,,8.0,48.0,,,,,,,fixed,,7050,6055.681021
7050SX3-48YC8C,,,,,,,64.0,,,,,,,fixed,,7050,6055.681021
7050SX3-48YC8C,,,,,,,,64.0,,,,,,fixed,,7050,6055.681021
7050SX3-48YC8C,,,,8.0,,,,48.0,,,,,,fixed,,7050,6055.681021
7050SX3-48YC8C,,,,,16.0,,,48.0,,,,,,fixed,,7050,6055.681021
7050SX3-48YC8C,,,,,,8.0,,48.0,,,,,,fixed,,7050,6055.681021
7050SX3-48YC8C,,,,8.0,,,,,48.0,,,,,fixed,,7050,6055.681021
7050SX3-48YC8C,,,,,16.0,,,,48.0,,,,,fixed,,7050,6055.681021
7050SX3-48YC8C,,,,,,8.0,,,48.0,,,,,fixed,,7050,6055.681021
7050SX3-24YC4C,,,,4.0,,,24.0,,,,,,,fixed,,7050,2924.701147
7050SX3-24YC4C,,,,,8.0,,24.0,,,,,,,fixed,,7050,2924.701147
7050SX3-24YC4C,,,,,,4.0,24.0,,,,,,,fixed,,7050,2924.701147
7050SX3-24YC4C,,,,,,,40.0,,,,,,,fixed,,7050,2924.701147
7050SX3-24YC4C,,,,4.0,,,,24.0,,,,,,fixed,,7050,2924.701147
7050SX3-24YC4C,,,,,8.0,,,24.0,,,,,,fixed,,7050,2924.701147
7050SX3-24YC4C,,,,,,4.0,,24.0,,,,,,fixed,,7050,2924.701147
7050SX3-24YC4C,,,,,,,16.0,24.0,,,,,,fixed,,7050,2924.701147
7050SX3-24YC4C,,,,4.0,,,,,24.0,,,,,fixed,,7050,2924.701147
7050SX3-24YC4C,,,,,8.0,,,,24.0,,,,,fixed,,7050,2924.701147
7050SX3-24YC4C,,,,,,4.0,,,24.0,,,,,fixed,,7050,2924.701147
7050SX3-24YC4C,,,,,,,16.0,,24.0,,,,,fixed,,7050,2924.701147
7050CX3M-32S,,,,32.0,,,,1.0,,,,x,,fixed,,7050,9952.032359
7050CX3M-32S,,,,32.0,,,,,2.0,,,x,,fixed,,7050,9952.032359
7050CX3M-32S,,,,,64.0,,,1.0,,,,x,,fixed,,7050,9952.032359
7050CX3M-32S,,,,,64.0,,,,2.0,,,x,,fixed,,7050,9952.032359
7050CX3M-32S,,,,,,,128.0,1.0,,,,x,,fixed,,7050,9952.032359
7050CX3M-32S,,,,,,,127.0,,2.0,,,x,,fixed,,7050,9952.032359
7050CX3M-32S,,,,,,32.0,,1.0,,,,x,,fixed,,7050,9952.032359
7050CX3M-32S,,,,,,32.0,,,2.0,,,x,,fixed,,7050,9952.032359
7050CX3M-32S,,,,,,,,129.0,,,,x,,fixed,,7050,9952.032359
7050CX3M-32S,,,,,,,,127.0,2.0,,,x,,fixed,,7050,9952.032359
